CONS_NO,FLAG,Mean,Median,Standard deviation,Variance,Kurtosis,Skew,5%,10%,20%,25%,30%,40%,60%,75%,80%,Error in mean
26DA200D4A887F6AA5B94F5682001428,1,3.818836081,3.71,1.127880908,1.272115343,0.4773324274,0.649696804,2.27,2.49,2.87,2.99,3.13,3.4,4.01,4.48,4.68,0.0010886881
CD8A4B3D5656402D086D865363A34C4B,1,3.321739553,3.36,1.26873485,1.609688119,1.164592888,0.6133395844,1.57,1.788,2.11,2.25,2.39,2.792,3.77,4.24,4.41,0.0012246475
CF9D07950731DB8A0B8A7EECF36A23AE,1,1.435686275,1.31,0.8343690768,0.6961717562,10.29356438,2.524796202,0.68,0.73,0.82,0.86,0.9,1.106,1.36,1.63,1.712,0.0008053756
3E81EC817E9218F25816849A3EDF5FF2,1,3.262819767,2.03,2.37296916,5.630982633,-0.561642245,0.7235192333,0.7855,0.96,1.16,1.25,1.37,1.604,3.964,5.2425,5.608,0.0022905108
A403518D4F4BB4C5ADAF2AB493F428EE,1,2.4794655,2.03,1.800767024,3.242761874,4.318326933,1.769350685,0.76,0.878,1.03,1.1,1.17,1.48,2.46,3.27,3.67,0.0017381921
C16691FB95D8113A4EBA9B4D3D93FB19,1,2.63792695,2.29,1.380227056,1.905026726,7.703043526,2.337290296,1.244,1.55,1.774,1.88,1.96,2.14,2.49,2.87,3.096,0.0013322655
24AECCC33B49F6C16B796C52B9512E00,1,1.8998931,1.8,0.5954566049,0.3545685683,15.94644641,2.440607829,1.21,1.3,1.45,1.5,1.56,1.68,1.928,2.18,2.31,0.0005747651
3D060CF9C1EEEE56218544D0645DE141,1,3.212580331,1.65,3.14876003,9.914689729,0.3811753646,1.242848021,0.55,0.65,0.81,0.9,0.99,1.29,2.342,5.285,6.498,0.0030393437
C814337B76E879241972AB88F46D5DF9,1,4.253571429,4.17,1.622332653,2.631963236,-0.2840755412,0.0085035275,1.2805,2.272,2.88,3.22,3.473,3.85,4.552,5.44,5.7,0.0015659582
9B08ABC08FE0322791CD40C07EFA142F,1,2.329960899,1.99,1.313258,1.724646574,5.450756345,2.021050044,0.981,1.12,1.37,1.465,1.58,1.79,2.23,2.76,3.006,0.0012676236
7666CEB63B6EEFC07CE3434370C3B8ED,1,4.064785992,4.01,1.764135525,3.112174151,0.7451028777,-0.3022149968,0.2,1.818,3.22,3.38,3.53,3.818,4.262,4.93,5.366,0.0017028335
C1543E4D4DCA4198D305FCDD41C24124,1,2.766640701,2.67,1.122654848,1.260353909,2.771067781,0.8822750696,0.993,1.48,1.942,2.12,2.25,2.48,2.916,3.32,3.53,0.0010836437
BE3AEC315E4D760B5E328213C52CE9E9,1,2.303894839,2.28,0.9138656944,0.8351505074,0.8845317427,0.584681393,0.86,1.136,1.56,1.68,1.79,2.01,2.49,2.85,2.98,0.0008821097
038455C720AB01A2A6989DC7A4E693BF,1,2.480078049,2.48,1.10739171,1.2263164,1.647174795,0.5781818682,0.884,1.14,1.418,1.56,1.74,2.096,2.764,3.27,3.43,0.0010689109
5BCDFF9045703E536710021120F10098,1,3.075908203,2.54,1.869405569,3.49467718,4.515940026,1.733955708,1.1115,1.32,1.626,1.75,1.88,2.17,3.06,3.95,4.288,0.0018044455
D9F34F2E8264C05CD97D556528832F96,1,2.337059396,2.37,0.8267497361,0.6835151261,4.659704981,1.032773057,1.19,1.35,1.53,1.63,1.748,2.12,2.57,2.845,2.968,0.000798021
9B52F7EE9FB9A5D2882E114A3F0F6D2E,1,3.661750246,3.62,2.085216167,4.348126461,2.074100909,1.052994603,0.86,1.236,1.672,1.98,2.32,3.004,4.09,4.71,4.99,0.0020127569
0DFBED72EBF20BCB5DD0D0B967F7C8B2,1,3.789610895,3.77,1.084756128,1.176695856,0.2373309387,0.4109360428,2.1535,2.387,2.77,2.91,3.081,3.47,4.07,4.55,4.736,0.0010470619
D6BF1C37C85CF2845580D8457791A9A6,1,1.58700291,2.11,1.140646401,1.301074213,-1.727199297,-0.1159613632,0.125,0.19,0.3,0.35,0.42,0.57,2.35,2.61,2.68,0.00110101
A707575E565009279A40B140650A4B7A,1,2.665933529,1.95,1.740794093,3.030364074,2.381846346,1.36879598,0.841,1.09,1.27,1.36,1.45,1.64,2.684,3.71,4.036,0.0016803032
E87A785D51ED7130C4F6C62C3F86A8FA,1,2.411978661,1.55,1.849105783,3.419192198,-0.4479031719,0.8420941532,0.57,0.67,0.81,0.87,0.95,1.16,2.35,4.005,4.37,0.0017848511
033C1A416CF62AC44485F5F27050BEB9,1,2.938098522,2.65,1.447013394,2.093847761,-0.3401957087,0.6337476934,1.21,1.34,1.57,1.715,1.84,2.18,3.24,3.89,4.234,0.0013967311
E1703AE747939E6827027A41DEDD7DCB,0,2.152035225,2.08,1.090303791,1.188762357,7.010951309,1.306978814,0.8105,0.961,1.09,1.16,1.28,1.59,2.75,2.94,3.01,0.0010524168
119896F593D8B7C008579B343340BDE2,0,3.270207305,3.13,1.152156277,1.327464087,2.515881981,1.068976051,1.712,1.96,2.31,2.48,2.62,2.91,3.41,3.9,4.076,0.00111212
251E03D8F7074B7126C36EF7E9AC1FD2,0,5.959647059,5.89,1.320132875,1.742750808,1.738704034,0.1845788549,4.0695,4.499,4.898,5.11,5.267,5.58,6.16,6.75,7.022,0.0012742595
1AD93B02AE7442D1CC63CB63E0619832,0,3.560642648,3.19,2.177495561,4.741486916,1.488172053,1.077342486,0.293,1.142,2.08,2.31,2.486,2.81,3.56,4.51,4.85,0.0021018297
E340B1E2B898DD7F72B62B316CCDAECC,0,2.253179588,2.29,0.8278959402,0.6854116878,0.5535813555,-0.4782617335,0.463,1.196,1.746,1.86,1.95,2.12,2.47,2.79,2.91,0.0007991274
863EC7E9706F37397B7EB4291BDEEFB0,0,1.419040157,1.3,0.7121444137,0.507149666,5.574554528,2.059681461,0.68,0.8,0.9,0.96,1.01,1.2,1.39,1.53,1.61,0.0006873981
FE87F0D27D9A6D3A71EC34159DF1C35D,0,2.806967054,2.56,1.347735035,1.816389725,4.154686014,1.527239972,0.57,1.68,1.96,2.06,2.17,2.38,2.77,3.14,3.428,0.0013009025
B67E50BD7F6A0B86FBAD169E63D29FBF,0,3.55897561,3,1.639106686,2.686670727,0.0780003744,0.9994870315,1.72,1.92,2.258,2.39,2.5,2.75,3.384,4.33,5.1,0.0015821493
5CC982EA8EAB4042873AE01FE41C5381,0,3.119463938,2.8,1.195420859,1.429031029,0.2316412545,0.954904353,1.84,1.88,2,2.07,2.195,2.54,3.17,3.8775,4.14,0.0011538811
B3BA9641A46164065790D4DCF513D6BD,0,3.068313725,2.72,1.389679011,1.931207752,2.570874169,1.554542679,1.5095,1.769,2.108,2.2175,2.347,2.54,2.954,3.4025,3.68,0.001341389
D34DEF20B4282142233865322AB5D049,0,3.81769685,3.825,2.423131592,5.87156671,0.4183188734,0.66647137,0.5775,0.77,1.34,1.6675,2.02,3.17,4.32,5.26,5.65,0.0023389301
CCDFA4DC34E70FFD882ADA038232516A,0,0.3477042802,0.23,0.2183660267,0.0476837216,6.476382354,2.235913394,0.19,0.2,0.21,0.21,0.21,0.22,0.242,0.4525,0.49,0.000210778
E884B45D9667DD352F84E5A1091A6BBE,0,2.168576998,2.04,0.6151448946,0.3784032414,1.680101089,1.147807244,1.4,1.51,1.66,1.7125,1.78,1.91,2.19,2.49,2.63,0.0005937692
D4069B2E8C914E23C127ACB2285520B9,0,3.830264966,2.94,2.500220939,6.251104743,0.9958650768,1.352831565,1.359,1.608,1.946,2.07,2.22,2.59,3.39,4.64,5.496,0.0024133407
DA04E81D9C8AC79D98A3025E636EF2D4,0,2.017065112,1.42,1.911268941,3.652948966,1.560919286,1.343901185,0.08,0.09,0.416,0.6,0.774,1.09,1.78,2.94,3.494,0.0018448542
C3D03ACBD2E494E0CD2D1BA8C8C0B3C3,0,0.9275196078,1.22,0.6143204553,0.3773896218,-1.694748507,-0.2253444238,0.11,0.14,0.18,0.22,0.27,0.68,1.38,1.48,1.51,0.0005929734
94A5BBAC622D4CB5BBB1C1DF4FCF927A,0,2.959824047,2.92,0.6530115156,0.4264240395,26.09375866,3.564345379,2.09,2.382,2.59,2.66,2.72,2.83,3.01,3.19,3.28,0.00063032
B72EDFBD41B2F2A4BEFA01195D323960,0,3.261957157,2.92,2.391109786,5.71740601,0.2244975348,0.7104181412,0.1,0.11,1.12,1.405,1.758,2.28,3.57,4.73,5.31,0.002308021
9FCFCF6C1C43DD055D79D34BE03D75BE,0,4.368180058,4.28,0.3218758285,0.1036040489,-0.9820857128,0.2271446149,3.92,3.95,4.1,4.11,4.12,4.23,4.312,4.74,4.76,0.000310691
D8B7D05E6786AE6ED172B89A2C021B9F,0,0.9924951456,1.02,0.3658650405,0.1338572279,-0.3649687387,0.1295368497,0.4245,0.52,0.63,0.69,0.75,0.916,1.1,1.25,1.312,0.0003531516
098BC910E850BFD8FA1CF3B05431C0F2,0,1.628778325,1.56,0.6123981098,0.3750314449,6.253574078,1.025023017,0.757,0.96,1.16,1.22,1.29,1.42,1.7,2.01,2.12,0.0005911179
A22845123261B13F32099A8914281DDD,0,3.54644685,3.15,1.486835126,2.210678693,5.922252085,1.891199688,1.925,2.15,2.51,2.62,2.72,2.95,3.42,4.0025,4.33,0.001435169
2CA833F723B837EFBF835124BE18751C,0,1.745393701,1.44,1.084300979,1.175708613,4.256379345,1.927987317,0.65,0.8,0.99,1.07,1.14,1.3,1.63,1.99,2.18,0.0010466226
0CCF3D8DE1C2321EFE885AB65E7782D2,0,3.971811949,3.58,1.785878635,3.189362498,0.4572857178,0.835532601,1.68,1.9,2.4,2.63,2.87,3.26,4.05,5.01,5.59,0.0017238211
D57587B6DDC87AD2D87EED96BC71C5B6,0,0.4749511719,0.11,1.451439302,2.106676048,26.6112057,4.972596879,0.08,0.09,0.1,0.1,0.1,0.1,0.11,0.13,0.33,0.0014010032
984F88D9E16C4B8C9E244D544EEFD880,0,3.528188976,3.38,1.129845043,1.27654982,1.840256605,1.094066783,2.06,2.29,2.59,2.75,2.865,3.12,3.62,4.0425,4.28,0.001090584
DE46BA513117831017B0D82A7745B2E2,0,1.151259766,1.15,0.3188933009,0.1016929373,0.8958442425,0.0551847343,0.65,0.78,0.91,0.95,1,1.08,1.21,1.33,1.4,0.0003078121
08672B9B7179E2599600550AE0381419,0,1.24199806,1.2,0.4057481212,0.1646315379,17.75644425,2.052314157,0.705,0.79,0.92,0.97,1.02,1.1,1.3,1.47,1.54,0.0003916488
5379816BAC337E9A0C1EC20B1FC6A509,0,3.816801181,3.405,1.784735082,3.185279314,4.482907566,1.309055975,1.5675,1.965,2.4,2.54,2.72,3.04,3.9,4.8925,5.31,0.0017227173
E929DD5C42F4DE05923A7D9EC675FA5C,0,3.921391051,3.83,1.128868987,1.274345191,4.154353196,1.194876557,2.2835,2.627,3.01,3.18,3.36,3.6,4.07,4.5,4.69,0.0010896419
6486FAA9E41C8CDB8E4447EDADF1A9C7,0,2.057406312,2.005,0.3974852821,0.1579945495,0.8772888389,0.2257906087,1.53,1.61,1.72,1.77,1.82,1.92,2.1,2.34,2.44,0.0003836731
32C517628090D2BD4E4ABEC387639B1A,0,1.266797258,1.2,0.5081820994,0.2582490461,1.366975219,0.8018115122,0.51,0.73,0.9,0.96,1.01,1.11,1.29,1.49,1.61,0.0004905233
357813EF3B9BF6891EFCE9C8ED2A0D3A,0,1.383827519,1.38,0.0188408336,0.000354977,56.72259182,-3.756924951,1.3555,1.36,1.37,1.37,1.38,1.38,1.39,1.4,1.4,1.82E-05
B38D77E68B941CDDCA9EB882108B313D,0,0.3005599214,0.27,0.2238801057,0.0501223017,1.32187076,0.9664705663,0.03,0.06,0.09,0.1,0.13,0.18,0.35,0.45,0.48,0.0002161005
E11043E9BC34B3D5C211F0D8C63313DC,0,4.016117647,3.87,0.858029686,0.736214942,1.648038524,0.9637650952,2.9,3.09,3.308,3.42,3.5,3.72,4.08,4.4825,4.612,0.000828214
45B3CFC4687F7651856B12A7F3C50C08,0,1.930195503,1.84,0.4670532189,0.2181387093,18.63964103,2.85397551,1.42,1.5,1.59,1.62,1.66,1.75,1.93,2.15,2.25,0.0004508236
A2D0A02966FF3884DD542CD4761B3E0E,0,2.923659245,2.94,0.3897872209,0.1519340776,1.760582461,-0.2993839635,2.53,2.59,2.62,2.64,2.65,2.72,3.06,3.15,3.18,0.0003762425
CA11D0525FCAB1E9012EB517BBC5C78B,0,0.3795053346,0.21,0.3109478896,0.09668859,-1.120713462,0.6207550587,0.06,0.08,0.11,0.11,0.13,0.16,0.41,0.665,0.73,0.0003001428
5E6150A76E1BD3D4B4EFC4DDDB0F7AB2,0,1.628254122,1.49,0.632786761,0.4004190849,-1.026556961,0.3623999327,0.79,0.88,1,1.08,1.16,1.33,1.75,2.18,2.34,0.000610798
A03EDFD174131E61E15B71EC73F9F99D,0,3.110246305,2.75,2.214978604,4.906130215,-0.2602596799,0.6072435392,0.35,0.56,0.888,1.085,1.39,1.97,3.624,4.8,5.16,0.0021380102
BBACFA0F793AA623EC4ED40D865ACB49,0,1.423300971,1.52,0.3825549329,0.1463482767,0.4987078552,-0.3598820272,0.7845,0.85,1.02,1.1925,1.31,1.38,1.6,1.68,1.71,0.0003692615
5EFE3681AB8484849B7F8F46908C9BA6,0,4.767705078,4.47,1.970549419,3.883065012,0.5275449847,0.7963068434,2.1915,2.556,2.99,3.2175,3.489,3.99,5,5.875,6.272,0.0019020747
6BD838FA2B0B222AC19A3F1A0D3124A3,0,3.090223518,3.08,0.0911238126,0.0083035492,109.502313,-5.715897674,2.984,3.01,3.04,3.05,3.06,3.07,3.1,3.12,3.13,8.80E-05
41D582A42510C2B983DA2E4ADAB555AE,0,2.490234604,2.31,0.8913093909,0.7944324302,0.9000897807,0.9575265387,1.44,1.562,1.72,1.79,1.84,2.028,2.62,3.01,3.202,0.0008603372
571AC420A2E92561987FCC18389B4E86,0,3.361620825,3.225,1.178485114,1.388827164,0.33166708,0.5338501312,1.637,1.96,2.37,2.53,2.671,2.97,3.542,4.0575,4.296,0.0011375339
E336D0A8D2D948EEA0DD4FF82AE09BC1,0,1.55784466,1.37,0.8392761558,0.7043844656,36.89214843,3.901796063,0.79,0.93,1.078,1.13,1.18,1.28,1.48,1.73,1.842,0.0008101121
3061FD35D2006EAC4DFD56F484B064BA,0,3.96496592,3.48,1.910049874,3.64829052,6.116749322,1.835327357,1.89,2.22,2.612,2.73,2.88,3.18,3.906,4.8,5.09,0.0018436775
60F9DD076AB86FC74A9E2F1F7AD281A4,0,4.37835468,3.93,1.202491559,1.445985949,2.90296383,1.526975179,3.13,3.31,3.478,3.56,3.62,3.75,4.24,5.01,5.274,0.0011607061
3EEEA55C2D1E8838A081C4E28D3183C4,0,1.398640777,1.39,0.5533682507,0.3062164209,-0.2084191104,0.2442143386,0.5645,0.71,0.88,0.96,1.04,1.23,1.54,1.79,1.872,0.0005341392
5FEAA366938C6CA48D6B1D4901A69935,0,3.877596059,3.51,2.550247916,6.503764432,2.690619675,1.107135581,0.497,0.718,1.68,2.08,2.382,2.9,4.19,5.42,5.73,0.0024616293
C09737284297871D286F511B85F4C86D,0,4.385913978,4.32,1.151182715,1.325221644,2.746532323,0.5917993665,2.58,3.036,3.45,3.635,3.77,4.04,4.642,5.1,5.29,0.0011111802
E806BEA3521949A131CC640076BDF837,0,1.57556741,1.18,1.360823581,1.851840819,7.534383568,2.418323013,0.175,0.5,0.71,0.805,0.89,1.04,1.38,1.88,2.08,0.0013135363
18D034495C9F63F2013E643A26CBF1CD,0,2.573320274,2.48,1.098831842,1.207431416,14.47571896,2.564800211,1.23,1.48,1.79,1.9,2.03,2.27,2.67,3.03,3.15,0.0010606485
7F26A2B0A3F4C44476510F25E6547F58,0,4.008247822,3.72,1.394576333,1.944843148,8.388043036,1.742152081,2.306,2.622,2.97,3.13,3.26,3.518,4.01,4.67,4.94,0.0013461162
ABD54CCEF8EFF4EA461E9E1C8EF64477,0,3.71111546,3.52,1.375708856,1.892574856,1.178479289,0.6643166235,1.9405,2.271,2.71,2.84,2.963,3.21,3.82,4.3975,4.784,0.0013279043
6B94D1A87B12D5D0903C28C9B220B978,0,1.696732478,1.61,0.9988046633,0.9976107554,0.6294684798,0.6980457157,0.336,0.47,0.74,0.87,1.07,1.3,1.88,2.38,2.56,0.0009640972
6A82B1162E7E91A7557A6899B2AAF3E7,0,0.5514174757,0.52,0.2306532121,0.0532009043,4.11319122,1.298394451,0.25,0.3,0.38,0.41,0.43,0.48,0.57,0.66,0.7,0.0002226382
C2ACC41E6B186FB8DB825991A3D8B854,0,4.850516066,4.73,1.272842756,1.620128681,5.067930983,1.321192796,3.096,3.45,3.9,4.05,4.208,4.51,5.01,5.42,5.61,0.0012286127
0D416089125CACE3344A23D320C849F7,0,0.9745498548,0.95,0.1211900602,0.0146870307,11.96760985,1.639285407,0.75,0.92,0.93,0.93,0.94,0.948,0.96,0.99,1.06,0.0001169788
950ED14AC1ACD8D32CF1205479FA2788,0,1.257073892,1.23,0.2934935619,0.0861384709,-0.7512646981,0.3932973606,0.88,0.92,0.96,0.99,1.03,1.12,1.34,1.47,1.52,0.0002832949
D0D94DA9C3ADF7580A3F2CB555255FA8,0,3.474441205,3.48,0.7298907251,0.5327404705,0.2600895239,0.2242812123,2.38,2.578,2.81,2.91,3,3.252,3.66,3.97,4.09,0.0007045277
4944F41C8B6FD437DF71EC41AC5D2EBB,0,4.171650295,4.21,0.9096668799,0.8274938324,-0.0538975459,-0.1054771606,2.6985,2.964,3.36,3.53,3.68,3.96,4.442,4.8,4.97,0.0008780568
0C7EA3D817D471FD6DE742A28E835362,0,2.762332677,2.65,1.341414433,1.799392681,0.7520737125,0.7427166388,0.7675,1.04,1.67,1.86,2.03,2.36,2.84,3.47,3.78,0.0012948016
6E160A98B7A8E9F4A076BC9942B8D900,0,0.4035317073,0.2,0.506613503,0.2566572414,9.72586076,2.591505326,0.03,0.05,0.08,0.09,0.11,0.15,0.29,0.46,0.602,0.0004890092
908AD51990F8C6F4679D76902DA34521,0,0.6585645005,0.27,0.789168098,0.6227862869,9.219048648,2.744090262,0.15,0.18,0.2,0.2,0.21,0.22,0.44,0.83,0.98,0.0007617453
426E2B949EF5EAC021DE413D86DEC3AF,0,0.4758678501,0.49,0.1381051658,0.0190730368,31.0572037,3.51620634,0.29,0.32,0.36,0.39,0.41,0.45,0.52,0.55,0.56,0.0001333061
CF6443C8C842E0DB78188ABAB57B0A18,0,1.528558909,1.12,1.223895399,1.497919949,20.00867311,3.567666289,0.57,0.65,0.78,0.83,0.89,0.974,1.356,1.83,1.998,0.0011813662
0BD39100430B32CBA5AF14893DB5A731,0,0.5841348974,0.48,0.4278174819,0.1830277978,-0.1987870136,0.6872920444,0.03,0.15,0.19,0.21,0.24,0.34,0.66,0.92,1,0.0004129512
7EDD1CBB6DDB744A3BD9FE65ABCDE697,0,1.408911765,1.38,0.4126033246,0.1702415035,1.763621104,0.662006866,0.7895,0.91,1.05,1.11,1.18,1.29,1.48,1.67,1.77,0.0003982658
185B8C581718E43A82646B924CF3F118,0,2.235078895,2.325,1.211988382,1.468915838,6.270371228,1.401053947,0.53,0.58,1.116,1.46,1.69,2.052,2.56,2.86,2.98,0.001169873
3B945033B62BE426A608D445CBF3A96C,0,4.711720747,4.45,2.199902577,4.839571347,2.009072541,1.240671731,2.198,2.44,2.712,2.98,3.23,3.78,5.006,5.76,6.08,0.0021234581
2101F566B42783853DCF8FE85D373362,0,2.882458698,2.68,1.21727213,1.481751439,4.322649365,1.511256525,1.35,1.648,1.94,2.06,2.2,2.45,2.93,3.46,3.684,0.0011749731
F04B785391EBF9427D114F757CDB76B7,0,2.634873541,2.45,0.8665240659,0.7508639567,0.9566548274,1.011902734,1.55,1.717,1.93,2.03,2.1,2.28,2.63,3.09,3.28,0.0008364132
B658C4B2D04D8DFE4D70D14763703C16,0,4.300563654,4.12,1.621654015,2.629761744,7.012047437,1.510933732,2.114,2.488,2.99,3.16,3.404,3.762,4.488,5.22,5.47,0.0015653031
4F10F6CE512F71458D32EB37DDB59738,0,3.052092794,2.93,0.8045082725,0.6472335606,2.205430998,0.7936387051,1.94,2.152,2.42,2.51,2.606,2.77,3.13,3.55,3.7,0.0007765524
2209A930620188D92B511FBF2FAD2C62,0,1.624898354,1.6,0.4592292312,0.2108914868,7.405165902,1.327108912,1,1.08,1.23,1.29,1.34,1.47,1.73,1.9,1.97,0.0004432715
9C9BC3D7D3EB0AFAEBEDF95FEE42421A,0,6.384451988,6.56,0.5394827308,0.2910416169,34.110107,-4.861470251,5.88,6.02,6.08,6.15,6.23,6.44,6.63,6.69,6.7,0.0005207362
4C09F0A2BE725BFCBCBC4FDB18A006E9,0,0.5600875486,0.65,0.1559707239,0.0243268667,-0.908394716,-0.7503968323,0.31,0.32,0.32,0.33,0.64,0.65,0.65,0.66,0.66,0.0001505509
FD36034382F9050AB9646117E2969CEC,0,0.3283528265,0.33,0.0153119203,0.0002344549,5.849102761,-0.2785237177,0.31,0.31,0.32,0.32,0.32,0.33,0.33,0.34,0.34,1.48E-05
0A481819C11D7B21DEB0F0A099DBCB16,0,2.41859375,2.35,0.5078459436,0.2579075024,1.132314094,0.6319245543,1.7015,1.853,2.03,2.09,2.14,2.24,2.48,2.71,2.82,0.0004901988
3AE29793E2F4300A78E90B4DC92B891A,0,2.414068293,2.08,1.641363445,2.69407396,29.02638577,4.431219932,1.01,1.29,1.53,1.64,1.74,1.906,2.27,2.62,2.802,0.0015843277
04A5867439E4487FBC605BFCE894B6BA,0,2.66294002,2.21,1.504787998,2.264386919,4.199117366,1.844606813,1.178,1.406,1.65,1.74,1.83,2.02,2.42,3.01,3.288,0.0014524981
080EF0A5B28CDFAB6650A920E8AD7B0F,0,3.56126938,4.22,1.201370878,1.443291986,-1.228194592,-0.8042985915,1.7,1.71,1.73,1.86,3.438,4.18,4.24,4.27,4.39,0.0011596244
17077804999B4D20E811F524C3B4EC86,0,1.540670554,1.21,1.095952421,1.201111709,2.068615451,1.248072307,0.4,0.48,0.61,0.66,0.73,0.92,1.588,2.19,2.438,0.0010578691
296FCEA5957ECD94AD5149F7162BF4F9,0,0.2821400778,0.27,0.1474875329,0.0217525724,17.177589,3.860915848,0.1435,0.19,0.23,0.2375,0.24,0.25,0.27,0.29,0.29,0.0001423625
BDE7339B71A631FC6B295EE7F387DBB6,0,2.088375486,1.95,0.7604170351,0.5782340672,16.00920855,2.457869351,1.23,1.36,1.53,1.59,1.66,1.8,2.11,2.42,2.54,0.0007339933
A5073C322D3B92981EEC3B53B9C0D693,0,4.164764706,3.92,1.751456885,3.06760122,4.314752952,1.508399981,1.9295,2.31,2.7,2.97,3.21,3.58,4.314,4.9925,5.29,0.0016905954
76478988FFA485073DBE9EF9AB515D48,0,4.828681641,4.185,2.50616786,6.280877341,0.3584430374,0.8099484425,1.1645,2.41,3.01,3.27,3.44,3.79,4.61,6.1075,7.01,0.0024190809
E528E1D979FB9FD7ED9A7B7191D878C1,0,5.485976447,5.54,2.067854659,4.276022891,0.0950945067,0.1628360459,2.048,2.408,3.636,4.205,4.574,5.12,6.066,6.8,7.098,0.0019959987
C41FE478C528F80B0E6F7A8A02FED021,0,4.645893204,4.42,1.32654191,1.759713439,-0.1348244165,0.2996686227,2.76,3.02,3.54,3.71,3.857,4.13,4.9,5.5475,5.88,0.0012804459
D2F9E01FCA66ABBD5365585797F5CEDC,0,0.1029458128,0.07,0.1269886855,0.0161261263,203.8198066,10.99892792,0.06,0.06,0.06,0.06,0.06,0.07,0.07,0.07,0.07,0.000122576
A5325FFF8A32275AD59FC5991FDE80C4,0,1.385320388,1.36,0.2733040189,0.0746950868,-0.4468660861,-0.6986043756,0.91,0.92,1.32,1.33,1.34,1.35,1.42,1.65,1.66,0.000263807
D3CA1E296C52D1B2524E9DCCE4615031,0,1.791088435,1.13,1.693002875,2.866258736,8.61069435,2.65160945,0.62,0.74,0.9,0.94,0.98,1.05,1.25,1.56,2.234,0.0016341727
D9324667D52328CDD54A649A7C9C4860,0,3.505839058,3.36,1.584709154,2.511303102,8.227488556,1.566697316,1.289,1.664,2.12,2.405,2.65,3.032,3.708,4.39,4.644,0.001529642
2A39E114BF7AE81FE003803DAD15E3A4,0,5.127120623,5.1,1.305542032,1.704439997,2.545328891,0.3375975766,3.16,3.657,4.164,4.3675,4.551,4.848,5.37,5.82,6.03,0.0012601757
933FFBCFDFB69DD207F85AEA8D19E953,0,2.315258537,2.2,0.7182538753,0.5158886294,1.358646784,0.8825302053,1.31,1.53,1.75,1.83,1.902,2.05,2.37,2.66,2.802,0.0006932952
819B6F7D1CBF0C8442F869FAE3F96406,0,3.560254154,3.48,0.8201233344,0.6726022837,1.801056893,0.7327855385,2.34,2.562,2.91,3.03,3.126,3.33,3.68,4.02,4.16,0.0007916248
AC6D6DB897955B95861A928FE45DEF43,0,3.709393346,3.705,1.638912417,2.686033912,0.5026000018,0.5392805098,1.4215,1.65,2.1,2.3025,2.65,3.294,4.1,4.7,4.94,0.0015819618
0A62B72BF6127911E480D098C2B4578E,0,4.019214917,3.75,2.195056191,4.818271682,0.3192492803,0.5621229401,0.32,1.55,2.16,2.385,2.69,3.21,4.428,5.445,5.798,0.0021187801
A1CE43C4E2A2A0445F3E8C06C7DBACA9,0,4.089044335,4.04,0.82560191,0.6816185138,2.819588387,0.9504396269,2.917,3.09,3.39,3.53,3.66,3.87,4.23,4.555,4.67,0.000796913
84B77AEDB6A8BC59FC56C7443C09E9BE,0,5.356208251,5.28,0.6661592197,0.443768106,5.881136233,-0.3274734542,4.49,4.65,4.854,4.92,5.01,5.148,5.42,5.7375,5.87,0.0006430108
2358073CA2BD380CEDE46A84D1C075AE,0,1.357899322,1.35,0.0574569398,0.0033012999,73.25628812,-5.594090918,1.3,1.31,1.32,1.33,1.34,1.34,1.37,1.39,1.41,5.55E-05
C147EB7DEC457C2F51D55042C5D821E4,0,4.357144259,4.22,1.154984665,1.333989577,0.6715063931,0.6530217567,2.729,2.988,3.39,3.56,3.73,3.96,4.518,5.015,5.22,0.0011148501
1CE42DCD5B59DE4FF826612A17BA85A5,0,2.147679449,1.88,1.140172025,1.299992248,5.228062867,2.028749139,0.97,1.136,1.342,1.43,1.54,1.71,2.06,2.43,2.68,0.0011005521
ED7128263961382BDAADF0B40587BE7F,0,2.574317739,2.37,1.194967158,1.42794651,3.069190347,1.361828829,1.0325,1.2,1.66,1.8,1.925,2.17,2.61,3.07,3.33,0.0011534432
BA2F570D6D6D6C6B74C6948E9519594C,0,2.737109375,1.49,3.385990753,11.46493338,2.619364115,1.995037961,0.49,0.62,0.82,0.9475,1.06,1.25,1.668,2.08,2.294,0.0032683308
3394878BB5E2BE6F5A4F470FF7444602,0,0.4280490196,0.43,0.0135183352,0.0001827454,140.2359745,-10.00690666,0.42,0.42,0.42,0.42,0.43,0.43,0.43,0.43,0.43,1.30E-05
891484BEAC8BA0DAA1F06EFF22173F40,0,0.2080291262,0.22,0.0486443942,0.0023662771,20.33598719,2.358088213,0.13,0.14,0.18,0.2,0.2,0.21,0.22,0.22,0.23,4.70E-05
64ECA09BF7DA5FDF1FC0DE335DA201AF,0,2.598082192,2.49,1.025595377,1.051845878,14.04887311,2.557447545,1.46,1.59,1.76,1.86,1.953,2.204,2.766,3.15,3.248,0.0009899569
C82B9387B4D7294310693296360ED377,0,1.655157171,1.58,0.7946675927,0.6314965829,0.332104767,0.5999672498,0.5285,0.707,0.93,1.03,1.13,1.34,1.81,2.15,2.316,0.0007670537
0C2A9E1473AD434F1ABF703B3FA4ECD5,0,2.503304179,2.51,0.9271749936,0.8596534687,0.5022931212,0.0464359855,1.024,1.358,1.726,1.88,2.05,2.32,2.748,3.09,3.24,0.0008949566
CCEFE3E9E66BB17F8F114B0E7E6102ED,0,4.077140039,4.06,0.4523263397,0.2045991176,0.6946973434,0.2601360423,3.36,3.53,3.7,3.77,3.829,3.96,4.18,4.36,4.44,0.0004366084
3408ECB28DACEF7AD1BE3C24A44C9B3D,0,0.9636811024,0.95,0.1099584905,0.0120908696,-0.4502205589,0.1986926779,0.81,0.83,0.85,0.87,0.9,0.92,0.99,1.04,1.06,0.0001061375
9CA3BE37F9935C7C7067953C79BB76CB,0,5.226283186,5.62,2.990887399,8.945407432,-0.3125756349,-0.032493007,0.66,0.76,0.89,3.56,4.678,5.244,6,6.94,7.34,0.0028869569
226DE439B0E8A562838D53DB880E9363,0,4.322800789,4.27,0.8189988867,0.6707591765,2.444174767,-0.0068346398,3.1465,3.47,3.76,3.86,3.94,4.082,4.45,4.78,4.924,0.0007905395
C0F95C36D55753F4E9CAC035C4101BB7,0,2.924950787,2.99,0.8994792131,0.8090628547,1.274456996,0.4747081471,1.5675,1.795,2.14,2.2575,2.395,2.73,3.13,3.45,3.58,0.0008682232
A91C798A0849134FAF6A0639012D5BFD,0,3.81382668,3.62,1.007792959,1.015646648,1.639856535,1.117769928,2.6,2.786,3,3.1,3.18,3.39,3.806,4.35,4.57,0.0009727731
D2214492839684680BCAF0EAD9EFD1DD,0,5.38399612,5.13,1.671108386,2.792603239,2.282582749,1.066244935,3.145,3.55,3.98,4.17,4.41,4.78,5.48,6.31,6.64,0.001613039
7F70E1B5095FDDD51AA7BC3C2AC1F571,0,2.243192534,2.1,0.7701414933,0.5931179196,0.9544646039,0.943094715,1.25,1.36,1.59,1.72,1.79,1.93,2.28,2.66,2.81,0.0007433798
DDA1F1E49AF7C68E9F2347C13A598A89,0,1.981847507,1.56,0.9492795745,0.9011317106,0.896506772,1.211122933,1.05,1.14,1.25,1.3,1.36,1.448,1.702,2.6,2.756,0.000916293
F343EFEEC402177BD54A35155C341570,0,0.1908691406,0.19,0.0063865744,4.08E-05,3.308858372,-0.5507069625,0.18,0.18,0.19,0.19,0.19,0.19,0.19,0.19,0.2,6.16E-06
C720F6637936E64A8980C895003630B9,0,3.549377432,3.5,0.8490099633,0.7208179178,3.394144034,0.8041962012,2.2735,2.52,2.884,2.9875,3.1,3.32,3.72,4.0425,4.17,0.0008195077
95FBDA823456D53A5352BD494C836823,0,0.3021330724,0.26,0.1788754454,0.031996425,19.15380617,3.735253822,0.15,0.17,0.2,0.21,0.22,0.24,0.28,0.3375,0.37,0.0001726597
8809837D09EA35631C638DBE08B9C524,0,4.535348381,4.33,1.589389348,2.526158498,10.53327057,2.203564838,2.68,2.958,3.39,3.585,3.73,4.042,4.61,5.12,5.344,0.0015341596
BD6B0BFE7B9724F75A808655CF477860,0,3.85874031,3.97,1.412790321,1.995976491,0.3276797265,-0.3405455243,1.021,2.04,2.752,3.09,3.293,3.69,4.29,4.76,4.908,0.0013636972
65223C39444122FF266C778409D2EEA6,0,1.432959685,1.45,0.4770579037,0.2275842435,26.48649058,3.432072898,0.85,0.9,1.03,1.14,1.218,1.33,1.52,1.61,1.66,0.0004604806
CCCD3CC43B8FDA88A6C7ACD1E209385C,0,3.616923077,3.85,2.60207506,6.770794617,1.939708581,0.8499557652,0.34,0.41,0.45,0.485,2.416,3.42,4.206,4.875,5.238,0.0025116555
5581C60E1E186CECB11AF360EE997439,0,5.053349515,5,1.549757354,2.401747856,1.027181267,0.1097248401,2.14,2.988,3.998,4.2725,4.45,4.75,5.35,6.0075,6.25,0.0014959048
C1D3AB60B5C3005534322CA5997AAE67,0,4.181102439,4.32,1.50380184,2.261419975,-0.0632106463,-0.2067633156,1.5,2.064,2.89,3.2,3.49,3.97,4.66,5.23,5.42,0.0014515462
C03462B0B777AFA8CE419568CBE77C28,0,2.317380721,2.21,0.8364913577,0.6997177916,1.09906437,0.9808540886,1.32,1.43,1.55,1.62,1.71,1.93,2.416,2.765,2.966,0.0008074241
C47C5D8F460B565D66DF1E48C7D294F3,0,4.968362573,4.72,1.451868048,2.107920828,2.104622097,1.033438335,3.2225,3.495,3.89,4.02,4.125,4.4,5,5.66,5.97,0.001401417
156ACF00804A70149E5597047D445253,0,4.989822485,4.94,1.064442241,1.133037283,0.9169086078,0.0840134383,3.34,3.723,4.176,4.3225,4.45,4.71,5.2,5.65,5.85,0.0010274539
182FC3961F74DFD69920BFDE5F2CCF13,0,0.5023609756,0.4,0.3506162076,0.122931725,12.39934702,3.007744633,0.18,0.23,0.33,0.35,0.36,0.39,0.42,0.49,0.57,0.0003384326
291E38217E72FE05379C4A54E2410685,0,1.723372206,1.79,0.7044117495,0.4961959129,3.338486963,0.8184437613,0.704,0.79,1.04,1.27,1.474,1.68,1.89,2.05,2.134,0.0006799341
1436B8594CFD6854FE286D21D38131E2,0,4.574087805,2.03,5.392468722,29.07871892,1.162510074,1.549762224,0.56,0.72,1.03,1.21,1.33,1.62,2.47,5.15,9.606,0.0052050856
41CD56D2E60FC01CFB9D40ABEF696189,0,0.419,0.42,0.0080589097,6.49E-05,2.437605585,-0.3803169401,0.41,0.41,0.41,0.41,0.42,0.42,0.42,0.42,0.43,7.78E-06
AE1198BD3B52CA00BDE81C4452064640,0,0.4252165354,0.66,0.2441834737,0.0596255688,-1.998912468,-0.0468783781,0.17,0.17,0.17,0.18,0.18,0.18,0.66,0.66,0.66,0.0002356983
FBBF74326E9A0219ED8EF45B5F0D25C5,0,2.792561335,2.69,1.024386258,1.049367205,-0.27661244,0.610295872,1.43,1.6,1.806,1.92,2.05,2.382,2.93,3.435,3.67,0.0009887898
4EB87336B42508E2FFED4A2B9E5B0DB6,0,1.926920821,1.71,1.404394139,1.972322897,3.762563007,1.331340384,0.25,0.31,0.68,0.845,1.02,1.34,2.09,2.68,2.966,0.0013555928
5C58D8FD5D2DB7E9D876C8CD9C1BEBED,0,6.188356164,6.3,2.382615177,5.676855082,1.884881692,0.4649835648,2.621,3.16,3.91,4.41,4.883,5.684,6.856,7.6675,8,0.0022998216
BB080A85C398654CCC42089DF5E80531,0,2.331008729,2.17,1.323981914,1.752928108,7.381935262,1.874888142,0.6,0.68,1.42,1.57,1.73,1.94,2.4,2.855,3.06,0.0012779748
443530BD9FF808A0AB483723FE252CB8,0,1.234157635,1.13,0.4801389251,0.2305333874,5.838778802,1.798132546,0.707,0.76,0.86,0.9,0.96,1.04,1.24,1.46,1.55,0.0004634546
22D45A4B0181149444F1AAD4B653FDB4,0,2.33208619,1.7,1.622990298,2.634097506,0.0433388389,0.8915190534,0.52,0.74,0.94,1.05,1.16,1.43,2.22,3.59,3.94,0.001566593
6CD0E047CDC452D2348E9DD33C08D0ED,0,2.765669599,1.39,2.884394769,8.319733186,1.530602311,1.563123387,0.56,0.64,0.76,0.81,0.87,1.038,2.05,3.22,5.386,0.0027841648
DC68410092D028D0FFC3E1C56521D5CB,0,0.6438640777,0.63,0.0430948168,0.0018571632,10.54893924,0.2963138729,0.62,0.62,0.63,0.63,0.63,0.63,0.64,0.64,0.64,4.16E-05
2C97FD763377FA869FA3FC04C738231D,0,0.467748538,0.47,0.1330186091,0.0176939504,1.414564619,-0.1141855612,0.17,0.35,0.4,0.41,0.42,0.45,0.49,0.53,0.55,0.0001283963
8B2C3DE950E343389EF283470EE0316C,0,0.2928752437,0.29,0.0090212774,8.14E-05,1.875178785,-0.2941525388,0.28,0.28,0.29,0.29,0.29,0.29,0.3,0.3,0.3,8.71E-06
00CF28658FB2D0DEB2CBA5ABD0FF188A,0,0.8717167798,0.56,0.733764771,0.5384107391,7.099939986,1.971228936,0.25,0.26,0.3,0.31,0.34,0.43,0.87,1.255,1.4,0.0007082672
1254571CBE5AB944D812FD55AA84F6AC,0,4.230242014,3.79,2.47961453,6.148488217,1.92693429,1.177821183,1.066,1.43,2.11,2.44,2.73,3.238,4.472,5.49,5.98,0.0023934503
48144217867A678899D9B1BE92211C83,0,2.747829912,2.62,1.124830486,1.265243623,0.4994623114,0.5797639551,1.14,1.36,1.73,1.935,2.07,2.388,2.972,3.42,3.656,0.0010857437
4114A23246A26C028737EB039D08A058,0,2.811893491,2.75,0.8362357275,0.699290192,0.2611359841,0.1963721346,1.5065,1.77,2.13,2.27,2.39,2.57,2.94,3.32,3.5,0.0008071773
8496F4033D9BE4B017D32AE01C7249DE,0,5.419951597,5.48,2.084018437,4.343132846,-0.171120149,0.1216417303,2.326,2.816,3.45,3.83,4.17,4.87,5.99,6.89,7.206,0.0020116008
37B40342CC43A898B11BCB495EA87731,0,4.201491228,4.72,1.853066126,3.433854067,-0.1498202064,-0.7548292492,0.25,0.905,2.72,3.25,3.605,4.25,5.03,5.49,5.71,0.0017886739
43A1C2225AC2FF011DCDC076AE366E0B,0,3.025582524,2.79,0.9447815861,0.8926122454,1.724835748,1.211320299,1.97,2.11,2.298,2.37,2.45,2.596,3.034,3.42,3.64,0.0009119513
21FFAD36AB4F1B0A4224BDB9BA95D719,0,1.296451613,1.28,0.0885202297,0.0078358311,81.07542833,-0.832929443,1.26,1.26,1.27,1.27,1.27,1.27,1.28,1.33,1.34,8.54E-05
1D2495475961568C6B5C0329E597B541,0,3.191047992,2.93,1.38646821,1.922294097,0.5598495318,0.6657313501,1.38,1.7,2.07,2.22,2.36,2.66,3.32,3.96,4.27,0.0013382898
EAAE3FF361A5F0A638B5FB43D123E976,0,1.603841642,1.12,1.475554757,2.177261842,2.407123103,1.614289295,0.211,0.3,0.48,0.54,0.606,0.79,1.51,2.125,2.572,0.0014242807
B6EB10C1349F93B2E159929061C93F74,0,5.791174168,5.755,1.337903029,1.789984516,3.194130952,-0.7964493936,4.09,4.481,4.9,5.03,5.19,5.494,6.03,6.6,6.82,0.0012914122
D1422F31322E43EC5303AA58E14EBC91,0,2.008430799,1.87,0.9210983759,0.8484222181,0.5752415729,0.6630067568,0.6225,0.925,1.26,1.35,1.44,1.64,2.15,2.6475,2.8,0.0008890911
0F6D191D65BD1B280D1CC02B729A268D,0,2.629784946,2.26,1.320100939,1.74266649,1.020176883,1.025863133,1.11,1.27,1.5,1.6,1.72,1.93,2.682,3.525,3.746,0.0012742287
6AF6D6F5E7C72400E9A5E9FBECADB8CB,0,2.726695821,2.58,0.798513189,0.637623313,35.06200908,4.616911729,2.03,2.13,2.28,2.33,2.39,2.48,2.69,2.92,2.99,0.0007707656
7FABEFF286DAAF71F410F80E7A7D776D,0,4.345372549,4.225,2.320515737,5.384793286,0.3100560625,0.4012611359,0.5,1.147,2.4,2.7675,3.03,3.626,4.95,5.9,6.3,0.0022398801
67146077A29CC7507063EA8E6D7C430A,0,3.491202346,3.35,0.9339082186,0.8721845608,1.572516525,0.9608150339,2.202,2.492,2.77,2.86,2.96,3.148,3.552,3.965,4.16,0.0009014558
26E5C0585443C84D963CAC0C0B9EE43E,0,3.777122093,3.77,0.4856662733,0.235871729,-0.4015693307,0.061393201,3.08,3.2,3.34,3.41,3.45,3.59,3.94,4.1425,4.23,0.0004687898
C4EF6382564B5813569F76EC4C960871,0,0.1477475728,0.07,0.1913985517,0.0366334056,19.52934222,3.730985618,0.02,0.02,0.03,0.03,0.05,0.06,0.11,0.23,0.26,0.0001847476
73BE12E3F24F0A897CF66207E7D9A6AD,0,0.3825847047,0.18,0.2653778183,0.0704253865,-1.780443988,0.466336094,0.16,0.16,0.17,0.17,0.17,0.18,0.18,0.71,0.72,0.0002561562
DA702EABD16142A15467238A8FDB8C05,0,0.9374368932,0.685,1.003687968,1.007389537,8.078622028,1.96569893,0.02,0.02,0.03,0.04,0.06,0.45,1.01,1.49,1.67,0.0009688108
C3950BC131815108883B5589934FFF45,0,1.547890088,1.51,0.3789860369,0.1436304162,0.5888214178,0.3321955515,0.97,1.108,1.256,1.305,1.35,1.43,1.6,1.78,1.85,0.0003658166
01B4D154B36127B486C5C34D6057D02B,0,4.692384236,4.55,0.9354123594,0.8749962822,0.5608343287,0.6892481965,3.4,3.634,3.93,4.05,4.152,4.35,4.77,5.23,5.41,0.0009029077
C64F11CCEFD45944FA6ECB329829C059,0,0.7529273084,0.73,0.3035283768,0.0921294755,4.671247062,0.970416193,0.29,0.39,0.51,0.55,0.59,0.67,0.81,0.93,0.97,0.0002929811
192871806BE74250D7A79ECF07559C6D,0,0.3968101761,0.27,0.3379928674,0.1142391784,35.62511536,4.289502988,0.16,0.16,0.26,0.27,0.27,0.27,0.27,0.28,0.71,0.0003262479
5DDE8FF898FB93F2262197574A1B05DA,0,0.6049655172,0.57,0.3171115537,0.1005597375,0.6156536442,0.7041403125,0.15,0.22,0.32,0.37,0.42,0.5,0.66,0.79,0.84,0.0003060922
EF76350B83AD7521C9DFF3584B8CDEA3,0,1.564623656,1.35,0.8007643304,0.6412235128,0.6970937506,1.094314281,0.65,0.74,0.9,0.98,1.06,1.21,1.54,1.93,2.11,0.0007729385
95E5CFA32F04E1D37017A6D93A94F493,0,3.629030068,3.58,0.3914992716,0.1532716797,-0.4425838032,0.5231006248,3.11,3.18,3.28,3.31,3.36,3.46,3.68,3.83,3.95,0.000377895
88744F2B938D87B37D48A5A434163BE8,0,0.1788942774,0.18,0.0067363293,4.54E-05,24.03848392,-2.232560015,0.17,0.17,0.17,0.18,0.18,0.18,0.18,0.18,0.18,6.50E-06
42CB7CA55A2DEADEA3B479EDF456FF33,0,4.023734239,4.55,1.781419616,3.173455848,-0.5988019722,-0.1669201079,1.295,1.53,1.78,1.96,2.95,4.07,4.89,5.33,5.47,0.001719517
330871ECC6B3471C702AA706366AC01E,0,2.373339901,2.29,0.8712963758,0.7591573745,4.489856636,0.9140567823,1.097,1.54,1.828,1.93,2.02,2.17,2.424,2.715,2.852,0.0008410197
A4B48B5AC05623A58156DA188D0A973A,0,3.323186706,3.12,1.154468987,1.332798641,10.02420306,2.438660948,2.071,2.35,2.6,2.69,2.78,2.94,3.31,3.62,3.76,0.0011143523
091BAF4B9EBDA53598A56D916B85318A,0,0.478079922,0.48,0.0137474591,0.0001889926,412.1754302,-17.11928289,0.47,0.47,0.47,0.47,0.48,0.48,0.48,0.48,0.48,1.33E-05
A2876408C1282020608F33F808373076,0,3.303970443,3.32,1.11733971,1.248448027,0.6867740601,0.3656075925,1.427,1.884,2.42,2.595,2.762,3.016,3.554,3.92,4.09,0.0010785132
0EA9B160C786FCB4D291F9D2369E5C8D,0,0.7298157129,0.7,0.2354950683,0.0554579272,1.092588027,0.7713074968,0.41,0.47,0.53,0.56,0.59,0.65,0.76,0.86,0.9,0.0002273118
F5C717FC1BFD10BD3E1E183FE3C5D906,0,0.200787172,0.2,0.0064420789,4.15E-05,0.7321168469,0.1230409563,0.19,0.19,0.2,0.2,0.2,0.2,0.2,0.2,0.21,6.22E-06
9F3AEE805E5A48B33CADBE286C920320,0,0.7529485936,0.74,0.1820669787,0.0331483847,549.7174987,21.81735395,0.73,0.73,0.74,0.74,0.74,0.74,0.74,0.75,0.75,0.0001757403
588A9CEC90D836E8BF753105C15738BE,0,4.199206196,4.09,1.126741266,1.269545881,0.9380064435,0.7087579948,2.606,2.87,3.284,3.45,3.58,3.87,4.32,4.82,4.99,0.0010875881
4185193D7DD581453CB9387993851F23,0,0.1723189824,0.17,0.0088851642,7.89E-05,-0.247322387,-0.0678573303,0.16,0.16,0.16,0.17,0.17,0.17,0.17,0.18,0.18,8.58E-06
E2A9E1920A5CCBEF0FE83E446F39F6C5,0,4.130779727,3.69,1.799657793,3.238768172,4.028765306,1.734416981,2.2325,2.42,2.75,2.9,3.04,3.36,4.01,4.8,5.29,0.0017371214
CE8E0618B069D79796A35AFBA41A148D,0,3.759367089,3.73,1.1475659,1.316907494,1.150665963,0.0737870567,2.096,2.556,2.92,3.07,3.19,3.44,3.94,4.41,4.638,0.0011076891
E0AF47C832657B5CEB79D68CF7684834,0,1.411008815,1.14,1.044209083,1.090372609,4.54580091,1.842660857,0.32,0.35,0.58,0.63,0.78,0.97,1.34,1.78,1.97,0.0010079238
37974CA500F74409310655ABD4C19A32,0,2.605510806,2.39,1.008573466,1.017220437,8.845657377,2.362700446,1.56,1.68,1.84,1.93,2.01,2.19,2.59,3.0375,3.21,0.0009735265
420C80C02B4EA40CB91C9390EA9694AF,0,3.999517717,3.955,1.307518939,1.709605777,2.202157194,0.6120238888,2.1575,2.42,2.82,3.05,3.26,3.6,4.26,4.8,5.05,0.0012620839
E345B20D152ED0B44AFB29B2BAB781A0,0,2.020373281,1.8,1.350211047,1.82306987,99.64758824,8.729776016,1.1185,1.237,1.43,1.52,1.6,1.71,1.91,2.2175,2.36,0.0013032925
BA2E6C051842CE6BDBA5832B77924E61,0,0.397655642,0.37,0.1586881778,0.0251819378,37.1208971,5.962843035,0.34,0.34,0.35,0.35,0.36,0.36,0.38,0.39,0.39,0.0001531739
9DAE338D8E4F4F348CFA60727CBC48CE,0,1.659204322,1,1.701035099,2.893520409,4.364736,2.108951551,0.42,0.48,0.564,0.61,0.69,0.84,1.21,1.64,2.276,0.0016419258
A794C2144CD06058951826D8DC1B5A7D,0,1.118236453,1.13,0.23430232,0.0548975772,6.867342461,-0.2882086491,0.8,0.87,0.99,1.01,1.04,1.08,1.17,1.24,1.27,0.0002261605
4CF443D588E8F0251F1F01ED00617FE1,0,4.572342691,4.27,1.342535107,1.802400514,1.475998648,1.12605143,2.99,3.17,3.484,3.61,3.73,3.988,4.61,5.26,5.576,0.0012958833
68706A23F892832C3F41DF3BEB6E7798,0,5.852247082,5.7,1.513479168,2.290619191,1.406805629,0.7177080996,3.717,4.047,4.574,4.76,4.94,5.32,6.1,6.77,7.056,0.0014608872
FF05949EB17E08DBF2C81C5BE6A719F5,0,3.936287658,3.51,1.849415203,3.420336594,5.843213579,2.151104383,2.08,2.29,2.64,2.8,2.91,3.21,3.828,4.41,4.74,0.0017851498
806E016872A29A6C6D28BA386ADB7604,0,3.117970443,3.05,1.550597015,2.404351104,0.3840751854,0.4937639679,0.754,1.224,1.748,1.995,2.202,2.612,3.394,4.1,4.292,0.0014967153
BCDCFFF91B3344C6A431F05199BAE362,0,0.2073904576,0.19,0.0703652849,0.0049512733,0.6306810453,0.8741275399,0.12,0.14,0.15,0.16,0.17,0.18,0.21,0.24,0.26,6.79E-05
D37AC002BB3657D24B90F3DC974BD7DA,0,2.864926398,2.79,1.601800457,2.565764705,3.098397003,1.092960472,0.749,0.93,1.31,1.655,1.964,2.372,3.13,3.74,3.93,0.0015461394
210F84220D21DE1D9BC02B7E3B2A1C12,0,2.833382643,2.59,1.103540608,1.217801873,6.099784473,2.059956967,1.53,1.883,2.16,2.24,2.32,2.44,2.74,3.1,3.314,0.0010651936
44223DD286B3A4787FE8479A73BF3CBC,0,2.50373896,2.07,1.705527894,2.908825397,13.22040395,3.299568615,1.209,1.38,1.61,1.72,1.81,1.95,2.22,2.49,2.69,0.0016462624
99493ECA1563D596BBB0E063B858ED34,0,0.7892118227,0.69,0.4599811006,0.2115826129,4.468715536,1.452233095,0.23,0.32,0.43,0.5,0.532,0.62,0.784,1,1.09,0.0004439972
3D4A59D13A71AC693371142528C04F47,0,2.637465619,2.31,1.392371922,1.938699569,1.625191726,1.246566469,0.967,1.204,1.534,1.67,1.82,2.07,2.62,3.25,3.5,0.0013439883
6E50F5FC9935CD112E51FC4971F51877,0,1.835579568,1.49,1.101664651,1.213665003,3.619668253,1.528670523,0.4955,0.89,1.12,1.18,1.24,1.36,1.66,2.27,2.636,0.0010633829
B28E3A51CC4DCB8BD93960209B45E72B,0,1.030324165,0.94,0.5026545004,0.2526615467,0.1679411557,0.7482140305,0.35,0.45,0.59,0.65,0.73,0.83,1.05,1.33,1.45,0.0004851877
635E95A175F38D222F52E8E5BBAE9BFC,0,4.133819242,3.99,1.291311089,1.667484329,1.317929518,0.7366424199,2.344,2.736,3.12,3.28,3.42,3.72,4.27,4.79,5.064,0.0012464393
9BE112DA112FF41890B3A9C345CE5B20,0,0.1807722385,0.18,0.0055684613,3.10E-05,6.686439163,-0.6523292153,0.17,0.17,0.18,0.18,0.18,0.18,0.18,0.18,0.18,5.37E-06
A40FA7CF9E5AB885F0A3425247E0036F,0,2.55876938,2.365,1.078893772,1.164011772,0.6379347539,0.8765624094,1.12,1.37,1.63,1.74,1.87,2.11,2.64,3.17,3.398,0.0010414033
3578F151FA9F4BC66DB4E229CE20E6B9,0,1.582421569,1.4,0.9531516436,0.9084980557,47.44897499,5.259970361,0.72,0.82,1.01,1.1,1.17,1.29,1.54,1.86,1.99,0.0009200305
4CA5176775DFFA85BE6F18B1CA07105E,0,1.397810362,1.37,0.4619798023,0.2134253378,-0.5560676762,-0.0962966995,0.69,0.84,0.99,1.06,1.11,1.25,1.5,1.775,1.856,0.0004459265
3C8A1331BD648DE8986AE86140743FC6,0,1.280494186,1.27,0.5235644527,0.2741197361,-0.2283958943,0.2701821625,0.4855,0.601,0.79,0.88,0.96,1.124,1.41,1.64,1.73,0.0005053711
AB92B5F01D969FBDDD4450B262E15020,0,4.833578431,4.78,1.220525329,1.489682079,5.867906571,0.9303590539,2.9995,3.41,3.918,4.0575,4.22,4.5,5.04,5.57,5.77,0.0011781133
10F9BE4E3BD1A89B5CD5C691F30C3BFC,0,3.089480901,3.22,0.288160877,0.0830366911,5.1067889,-1.743514924,2.59,2.63,2.74,2.91,3.1,3.21,3.23,3.27,3.28,0.0002781476
B26569D8BC9AD47B71E049F6CC490A80,0,2.014551657,2.25,1.522009212,2.316512043,1.701728876,0.8484017948,0.29,0.34,0.44,0.46,0.53,1.3,2.69,3.08,3.21,0.0014691209
9B863EC9CBF500CA78558E8C44FA20B4,0,4.116959064,4.095,0.9272078791,0.859714451,0.7097248273,0.3981944142,2.6725,2.98,3.31,3.47,3.62,3.86,4.29,4.69,4.89,0.0008949883
C67D4D7F5316A5C1EC6AB25437261412,0,2.547918683,2.23,1.10459024,1.220119598,1.218771154,0.9381763495,0.966,1.592,1.8,1.87,1.93,2.06,2.43,3.06,3.576,0.0010662068
B9E0BA6FF76EBF0A39AECD1E68B1AEB3,0,4.920273973,3.72,2.801141422,7.846393265,0.6042930661,1.288860677,2.2505,2.56,2.94,3.08,3.2,3.46,4.116,6.455,7.552,0.0027038045
E9B996EEC0B356B1135246E02BB7BD9F,0,2.598054211,1.26,2.64494761,6.995747858,2.818498279,1.620987644,0.45,0.52,0.644,0.72,0.8,0.98,1.812,4.18,4.852,0.0025530382
47E888EA36EB5956D7423A8234054CA9,0,3.169554695,2.84,1.438935261,2.070534685,6.881271308,1.918288597,1.61,1.79,2.05,2.15,2.28,2.57,3.172,3.82,4.09,0.0013889337
9C900D07CAB5F4D6C6F04C43D5C2B496,0,3.408190661,3.43,0.9540352645,0.9101832859,-0.581240075,-0.1848875784,1.5735,2.12,2.634,2.71,2.89,3.03,3.812,4.21,4.266,0.0009208835
BB06BCC715F0FD5D2B56BE2FD3206747,0,0.2319668939,0.25,0.0299256205,0.0008955428,-0.2065863284,-1.259833978,0.17,0.18,0.18,0.24,0.24,0.24,0.25,0.25,0.25,2.89E-05
C583495674DCA162C61546EE79E43021,0,1.995251938,1.82,0.9852003467,0.9706197231,5.266082061,1.565750431,0.81,0.96,1.19,1.28,1.39,1.57,2.076,2.52,2.69,0.0009509656
18EEE200F51D27558BA7CFFF75CB903F,0,1.457205453,1.14,1.233735939,1.522104366,2.018759133,1.208919293,0.113,0.15,0.3,0.42,0.58,0.82,1.59,2.2,2.48,0.0011908648
68532AF487E70C7D1A88E9A8EEB84F45,0,4.844336883,4.38,2.174363172,4.727855204,4.242745793,1.677037765,2.376,2.72,3.21,3.41,3.57,3.94,4.922,5.74,6.156,0.0020988062
8F8538BC70DECC8437B49A514546C701,0,0.9408161259,0.76,0.5487765765,0.3011557309,6.210224922,2.222964622,0.46,0.52,0.59,0.62,0.64,0.7,0.82,1.02,1.15,0.0005297071
F86CEB1D21E80E2539A0D0BAC4A2C5CE,0,2.348300781,2.31,0.444104031,0.1972283904,1.657846634,0.2189571183,1.7215,1.853,2,2.07,2.11,2.21,2.418,2.6125,2.7,0.0004286718
FB0C89B10894A03B8BEE8DBE7E4E57E6,0,2.316027264,2.07,1.189989431,1.416074845,12.12102336,2.765355036,1.17,1.32,1.54,1.635,1.718,1.904,2.24,2.61,2.78,0.0011486384
DF189AAFE1A1D2DE090670FADE5E45AD,0,3.411201172,3.295,1.246897233,1.55475271,0.837270515,0.7827763189,1.78,1.95,2.23,2.3975,2.589,2.97,3.63,4.1325,4.354,0.0012035688
556204D5EC8E88CC1DDAD891D0880747,0,4.5708619,3.97,2.357331501,5.557011805,0.4291008795,0.932045344,1.75,2.02,2.49,2.74,2.98,3.4,4.68,6.02,6.69,0.0022754165
DD64A48785398B9FC7FC22539F9B284A,0,1.096503906,1.03,0.4869616575,0.2371316559,1.458395276,0.9824882481,0.4315,0.543,0.7,0.7575,0.82,0.93,1.15,1.33,1.43,0.0004700402
0B88B9C635B7A0DB00CF0A899E76D19C,0,4.764688363,4.625,1.155379283,1.334901287,1.854534121,0.7057750551,3.18,3.493,3.86,3.9925,4.1,4.39,4.91,5.4,5.65,0.001115231
A4469E37BB7D4D88C2A501617FC215C0,0,1.928560311,1.64,1.532348011,2.348090428,27.80631481,4.656397432,0.88,0.93,1.07,1.17,1.25,1.46,1.812,2.04,2.14,0.0014791004
7626BD159777EFA5D530240A58C41547,0,3.073159961,2.85,1.648041591,2.716041085,0.5824766078,0.8042292428,0.759,1.256,1.6,1.81,2.014,2.46,3.27,4.055,4.36,0.0015907737
77895E9EEEBA61FFCD0EEE68AB1F6EF7,0,2.066333657,1.98,0.5865991678,0.3440985837,4.50172036,1.473533382,1.325,1.5,1.65,1.7,1.74,1.86,2.08,2.3,2.41,0.0005662154
D048394AA79AEE40A075CDCB8ABBFD83,0,4.987241045,6.01,1.602581625,2.568267865,-1.731722155,-0.2307217903,2.95,2.96,3.07,3.08,3.106,4.11,6.04,6.1,6.36,0.0015468935
D493AA8A3D12E7DF2BD16A4DDA8F5FA0,0,3.159990301,2.73,1.225788631,1.502557767,7.801519984,2.196674751,2.03,2.15,2.28,2.35,2.42,2.55,2.99,3.62,3.9,0.0011831937
0E1EF99F08DAE422CC91957A83F2B1B0,0,5.964309339,5.795,1.492107118,2.226383651,1.397189175,0.7429588453,3.9135,4.23,4.7,4.89,5.1,5.49,6.16,6.8775,7.19,0.0014402578
758E9A5DFE62C0498097B5D55E7D2047,0,1.735992218,1.63,0.6481976269,0.4201601635,1.44599188,0.9798598389,0.88,1.01,1.18,1.26,1.34,1.49,1.79,2.1,2.21,0.0006256734
6533E0675CC63C0913932DF2480D43AA,0,6.3053294,5.6,2.308353308,5.328494995,0.2997883173,0.973032829,3.558,3.96,4.43,4.63,4.8,5.214,6.096,7.65,8.378,0.0022281403
19A741109453C77EE6F3F6894871FFC9,0,3.773369352,3.73,0.6121539764,0.3747324908,1.802322081,-0.0520040437,2.8885,3.137,3.424,3.5,3.54,3.64,3.83,4.03,4.16,0.0005908822
232FAFE9FD1095C6F12D8A25EDB739C2,0,0.8026647001,0.66,0.5286657536,0.279487479,51.04648326,5.805178156,0.48,0.53,0.58,0.6,0.61,0.63,0.71,0.78,0.83,0.0005102951
DE6B906C3EC514EAD65C11107FB46B11,0,2.250096899,2.35,0.4487514637,0.2013778761,-0.8559281035,-0.3732361789,1.4255,1.58,1.77,1.8875,2.01,2.21,2.45,2.6,2.66,0.0004331578
6ADBDD02A137257766E27957BF7FCB43,0,1.358289345,1.22,0.6602676223,0.435953333,12.50856734,2.63009095,0.66,0.782,0.9,0.95,1.006,1.128,1.34,1.585,1.696,0.000637324
D34C71EADDE86F8D8DB779F39DF548E4,0,3.952792527,3.9,1.897930459,3.602140029,2.140447709,0.7027826099,0.938,1.46,2.41,2.73,2.98,3.48,4.276,5.02,5.338,0.0018319792
80C4131138BE0CE685558D335BC8BB47,0,0.3105150632,0.31,0.0740584677,0.0054846566,1.948044717,0.4610825973,0.21,0.23,0.25,0.26,0.27,0.29,0.32,0.35,0.36,7.15E-05
A133A27E710607738B0F85F950B53D44,0,4.647282502,4.66,1.730173471,2.99350024,1.085289343,0.0454424806,1.491,2.452,3.35,3.625,3.866,4.29,5.102,5.76,5.986,0.0016700516
E025B2F6864A15E42563C775EB1E0DFC,0,4.255392062,3.88,1.696366747,2.877660142,2.371310123,1.36241956,2.26,2.56,2.97,3.12,3.28,3.55,4.182,4.96,5.34,0.0016374196
718E44EACC48B32053DA109C48DBD85C,0,3.923141463,4.33,2.168884921,4.704061801,2.610851698,0.4807497502,0.482,0.644,1.384,2.59,3.352,3.81,4.68,5.22,5.42,0.0020935183
B6C280DE13ECF386B370BF9C36358A0B,0,3.147770138,3.32,1.121505361,1.257774276,-0.6174043417,-0.2398528689,1.22,1.52,2.03,2.29,2.55,2.978,3.6,3.98,4.14,0.0010825341
C38F4ADEDB8D4EA10B0A0E5F1815D48B,0,1.235665362,0.62,1.257685209,1.581772084,0.4321524661,1.535507665,0.59,0.6,0.6,0.6,0.61,0.61,0.62,0.64,2.2,0.0012139819
C7DD6DF6D2A13AE265E76E3C33340E0A,0,5.546397274,5.51,1.595684015,2.546207476,1.085638673,0.493280691,3.183,3.606,4.14,4.375,4.58,5.004,5.93,6.585,6.88,0.0015402355
9B76E763D61C3F831ABA83B337B53161,0,1.314453202,1.25,0.3688898954,0.136079755,2.785329595,1.180236121,0.84,0.9,0.99,1.045,1.082,1.16,1.35,1.52,1.59,0.0003560713
77302B84A2F3B44E5AB8B1922E5F80A2,0,1.17902629,1.01,0.6600370849,0.4356489535,3.481023496,1.449308482,0.42,0.53,0.65,0.71,0.77,0.87,1.17,1.505,1.638,0.0006371014
14F827CF318C0FDDEBB71399C622C2F2,0,5.593956905,5.38,1.892590251,3.581897857,0.645494494,0.7720968157,2.99,3.42,4.01,4.24,4.47,4.91,5.8,6.57,6.93,0.0018268246
9ED223D1C8184E785FAC47A6C0062184,0,0.5597933071,0.56,0.2047790028,0.04193444,-0.0146692285,0.0394608453,0.22,0.28,0.38,0.42,0.46,0.52,0.61,0.7,0.73,0.0001976631
12A9F58926DD28069ADFD8870356D5B4,0,2.435803922,2.055,1.364695626,1.862394152,0.6617078182,1.120748341,0.86,1.079,1.35,1.4575,1.58,1.78,2.34,2.9925,3.424,0.0013172738
18E507C20368439DA5921AD8F0A3215F,0,5.66124632,5.61,0.7751845697,0.6009111171,1.204583857,0.4049985472,4.478,4.678,5.01,5.13,5.26,5.45,5.83,6.16,6.27,0.0007482477
B7D9059D7E8C6974939703CBED1FA003,0,4.701364956,4.65,1.563762413,2.445352883,0.1060830487,0.2097635666,2.12,2.75,3.51,3.67,3.846,4.26,5.05,5.64,5.946,0.0015094232
62624271A864F85EE3FF66A5AB1CAD38,0,1.613811833,1.7,0.1515208323,0.0229585626,1.417763069,-1.194076794,1.37,1.37,1.42,1.44,1.55,1.68,1.71,1.72,1.72,0.0001462556
4735C1D87619EC8AB14E88E177953197,0,1.892380952,1.87,0.4514178557,0.2037780804,0.3721637089,0.1120141175,1.234,1.35,1.5,1.55,1.61,1.73,2.02,2.22,2.28,0.0004357315
48D3E3CBEC4F8FA6EA7F8C30D1D98A66,0,0.6944206426,0.47,0.7520982542,0.5656517839,22.61891156,3.859619709,0.13,0.196,0.27,0.31,0.34,0.39,0.57,0.75,0.858,0.0007259636
07219C0BB42F6E5B0C8849BB22648DDC,0,4.159259625,3.72,1.412317687,1.99464125,1.67500696,1.270453289,2.512,2.76,3.09,3.19,3.29,3.49,4.032,4.9,5.276,0.001363241
BC54288D2985C2D2AD86C01A7CE791F3,0,3.143966862,3.06,0.7648321065,0.5849681511,3.200614076,1.160906886,2.08,2.27,2.56,2.68,2.775,2.92,3.23,3.51,3.61,0.0007382549
6891590FF5B85CF891D616866609143D,0,1.850364532,1.84,0.4859231085,0.2361212674,3.977286633,0.2258716001,1.137,1.39,1.558,1.61,1.66,1.76,1.92,2.09,2.15,0.0004690377
7BB94CF045F97F707BF763B99B83B3CB,0,4.42496592,4.38,1.222774413,1.495177265,1.355269967,0.559822509,2.573,2.892,3.3,3.515,3.71,4.084,4.71,5.18,5.398,0.0011802842
7F10C62F6E7D32AA226E2C236506E0F3,0,4.763672261,4.7,1.072839008,1.150983537,0.840701419,0.4695619613,3.156,3.462,3.864,4.01,4.15,4.44,4.99,5.44,5.64,0.0010355589
4907C59DFA179548FF28D7D555A5E73D,0,0.1593255132,0.15,0.0938387394,0.008805709,127.1196791,10.60099041,0.12,0.13,0.14,0.14,0.14,0.15,0.15,0.16,0.17,9.06E-05
B26EC3902FEB13D5C6C5C029F529D22D,0,3.084660194,3.045,0.8021471617,0.6434400691,0.0065845641,0.2136945312,1.87,2.05,2.37,2.48,2.63,2.83,3.29,3.62,3.76,0.0007742733
FA140549421CF197261D44B3B3F58446,0,4.282958984,4.33,1.642736712,2.698583904,0.2417578125,0.0566935401,1.3115,2.203,3.036,3.2675,3.47,3.872,4.65,5.25,5.59,0.0015856532
48EB43C742DC2CB53B3F73A1242BA3F8,0,3.655696078,3.37,1.293421646,1.672939554,2.614342385,1.327838175,2.06,2.329,2.67,2.77,2.87,3.12,3.69,4.25,4.53,0.0012484765
03864075C24E2D11DCB8F9AEA3AB76EC,0,4.887647059,4.715,2.085689865,4.350102211,3.725773749,1.335634237,2.3295,2.579,2.98,3.22,3.487,4.146,5.244,6.03,6.372,0.0020132142
062BC5F878747922CD57A536FB98F28A,0,2.94326791,2.73,1.028748557,1.058323593,4.628033489,1.794290172,1.81,1.948,2.15,2.23,2.33,2.52,2.968,3.34,3.53,0.0009930005
F24B8D6DCACB0A720B1897607B2B96EF,0,2.082033236,1.31,1.867088729,3.486020324,1.482341067,1.376396179,0.43,0.52,0.62,0.67,0.69,0.86,1.84,3.105,3.672,0.0018022092
55E699A8744111ED92BD0672C03C0F8A,0,1.858357771,1.79,0.7258251537,0.5268221537,0.1615673942,0.5320011476,0.79,0.92,1.21,1.34,1.45,1.63,1.93,2.335,2.48,0.0007006034
4E988CB190C4E4CA76CB214C5230BCD3,0,2.285131965,2.03,1.207425313,1.457875888,12.21549323,3.191146812,1.21,1.39,1.58,1.655,1.716,1.88,2.192,2.525,2.702,0.0011654684
F40D0293A6627DE96FAA9EBCB342DCEA,0,0.9406634146,0.89,0.3751293382,0.1407220204,70.5788417,6.885577784,0.64,0.69,0.76,0.79,0.81,0.85,0.93,1,1.03,0.000362094
EBF525657644517229947048A4332776,0,2.926911046,2.53,2.048127262,4.194825283,0.7693732242,1.027563449,0.501,0.69,1.1,1.3,1.56,2.02,3.01,4.005,4.542,0.0019769568
8323C3B64D8A630846333888593D10D1,0,1.718542074,1.29,1.569703344,2.463968587,4.770519826,2.132007636,0.26,0.441,0.72,0.83,0.96,1.154,1.41,1.79,2.018,0.0015151577
CC08694A2893D24CDF94E8EB34428989,0,0.4607526882,0.43,0.1285700386,0.0165302548,9.926675427,2.655140799,0.34,0.36,0.38,0.39,0.39,0.41,0.44,0.48,0.5,0.0001241024
1D659C3630E763651733F7A1EB2B109D,0,4.805009804,5.04,1.431229938,2.048419136,-0.7852492384,0.0791490241,2.73,2.91,3.2,3.3475,3.577,4.582,5.34,5.86,6.07,0.0013814961
7388107C0553C9A78EC02B93F82DEE0C,0,0.4851650485,0.36,0.2661059252,0.0708123634,2.556626184,1.900228516,0.32,0.32,0.33,0.33,0.33,0.34,0.37,0.53,0.66,0.000256859
2085B566F88BE3C8190DF0DE7013DBD6,0,2.044633431,1.95,0.6774952701,0.458999841,0.8095471697,0.751645049,1.14,1.272,1.45,1.51,1.59,1.74,2.152,2.48,2.63,0.000653953
853AC217ED0F7C915360B429E5E85FF3,0,4.637636187,4.54,1.112738911,1.238187883,4.096797005,1.182346793,2.9935,3.49,3.844,3.95,4.08,4.31,4.76,5.1325,5.336,0.0010740723
63B8EE73017AFBB8EAB31A749353EC4D,0,1.017441406,0.93,0.4765732771,0.2271220885,0.5922065531,0.8939217509,0.48,0.52,0.6,0.64,0.68,0.79,1.05,1.3125,1.41,0.0004600128
5AA292BF74D22FC511CA9E21C3DB5907,0,5.083404878,5.12,0.3447128801,0.1188269697,16.65616541,-1.997117798,4.612,4.66,4.79,4.83,4.86,5.06,5.18,5.31,5.39,0.0003327344
2FBBA80E7F1880DC406A0AB8C5E8CCFE,0,2.52107949,1.94,2.08393943,4.342803549,12.06577105,3.190035758,0.939,1.07,1.29,1.39,1.49,1.71,2.23,2.795,3.04,0.0020115245
1C972A313A07D57A416A75EE0B4876CA,0,3.934410906,3.86,0.9702819663,0.9414470941,1.588337178,0.8158843837,2.483,2.81,3.19,3.335,3.46,3.664,4.05,4.41,4.548,0.0009365656
E76BAA61DC64801F95A1D3EA4E72A286,0,0.2971372549,0.16,0.1980182503,0.0392112275,-1.304785692,0.5526358922,0.12,0.13,0.13,0.14,0.14,0.15,0.36,0.51,0.55,0.0001911373
2474579E3F72040C43E92D9EE3C940ED,0,1.851548887,1.98,1.118417834,1.250858451,-0.8107770149,0.3105759432,0.4,0.442,0.7,0.79,0.86,1.15,2.31,2.7,2.89,0.0010795539
4C565E8AAB3A366959D1977382FD55A0,0,0.0593293886,0.02,0.1806578523,0.0326372596,84.1700016,7.887367804,0.01,0.01,0.01,0.01,0.02,0.02,0.02,0.03,0.04,0.0001743802
1565C084D5B1D0A98ECBE71954B4A284,0,3.570963035,2.635,2.566415317,6.586487582,1.870188257,1.486036142,1.14,1.337,1.67,1.7975,1.921,2.23,3.262,4.5425,5.142,0.0024772349
C659D3ED011289C7F311D9816A85918D,0,1.795239961,0.97,1.677226254,2.813087908,3.188101081,1.530996901,0.26,0.36,0.49,0.56,0.62,0.74,1.49,3.03,3.32,0.0016189443
CF4989F785A0E58F6E6B9158B3F140E8,0,1.733677043,1.54,1.175282145,1.381288121,3.516436833,1.234665336,0.18,0.287,0.76,0.9075,1.01,1.23,1.87,2.44,2.65,0.0011344422
65E47AA67F7E9A1D2DF67F042DDE4BCA,0,4.434886476,4.11,2.527705906,6.389297146,3.42400992,1.423339114,1.086,1.552,2.19,3.13,3.45,3.84,4.42,5.33,5.906,0.0024398706
DB0CD651581F1E9E361EBEA9BFA6433B,0,2.517763547,2.58,0.4534028944,0.2055741847,3.143137575,-1.307298924,1.594,1.912,2.298,2.35,2.4,2.49,2.66,2.8,2.85,0.0004376476
D1C40A925403CE98CB9AF29269ADBC17,0,5.104302439,5.08,1.48204914,2.196469655,0.0776371958,0.2456765412,2.72,3.208,3.888,4.09,4.3,4.68,5.41,6.05,6.342,0.0014305494
1919722AB39B6724557AAAFDC4605654,0,1.411448276,1.27,0.63415801,0.4021563817,2.927713938,1.228750889,0.61,0.78,0.95,1.02,1.06,1.16,1.39,1.735,1.882,0.0006121216
B9E5E3B39D04F8AD13FE7611AE3150CF,0,3.797674877,3.67,1.053039141,1.108891433,0.0478404901,0.5996845801,2.26,2.49,2.87,3.095,3.26,3.49,3.88,4.305,4.594,0.001016447
DF2E28F35128B44D06A9F79AC19452A6,0,4.721028404,4.86,1.492037632,2.226176294,-0.0966147195,0.0199740175,2.15,2.47,3.3,3.64,4.02,4.52,5.17,5.72,5.94,0.0014401908
35C475E7DF80E1919B0A3C42B42360FC,0,3.740791789,3.58,1.05700175,1.117252699,1.464182132,0.8581737801,2.29,2.54,2.89,3.025,3.14,3.37,3.83,4.29,4.55,0.001020272
3F335B2221F0E9C60D40A31C62055B79,0,1.982426901,2,0.8651925245,0.7485581044,-0.0158794809,0.1072296897,0.4725,0.785,1.27,1.4125,1.545,1.77,2.21,2.55,2.66,0.0008351279
61F21EBF1F9F7CB09D77C40EFDBA53AA,0,3.189081935,2.98,1.470209796,2.161516844,7.135259564,2.028028762,1.322,1.83,2.27,2.41,2.54,2.758,3.172,3.58,3.78,0.0014191214
8DF5BAF2BA2A44360843DEF7E2766407,0,0.570155642,0.56,0.2069050817,0.0428097129,30.17901964,4.078061779,0.31,0.33,0.48,0.49,0.5,0.528,0.582,0.62,0.64,0.0001997153
3B92DDE5371AB64C89ECD48F64766DB7,0,0.3116439689,0.29,0.1087591413,0.0118285508,45.73749857,6.408114895,0.26,0.27,0.28,0.28,0.29,0.29,0.3,0.31,0.31,0.0001049799
7DF81420FCCA00A3173B4BED4FAEF42F,0,2.009635827,1.84,1.083710359,1.174428143,5.38194319,1.789513228,0.5675,0.77,1.31,1.42,1.515,1.67,2.01,2.38,2.54,0.0010460525
4621C0BDED162BBBE1380E81FB9B6EDE,0,1.437364798,1.44,0.0602940438,0.0036353717,103.2309377,-8.818278051,1.41,1.416,1.42,1.42,1.43,1.44,1.45,1.46,1.46,5.82E-05
043CE7E89921FFC804B63B2CAA583EB7,0,4.302384236,4.3,1.179181104,1.390468077,-0.0882477077,0.0921660817,2.387,2.774,3.288,3.49,3.652,3.98,4.63,5.105,5.33,0.0011382057
D2ED16DC920D3B113DC2F825ACCF1972,0,3.097352362,2.3,2.752608289,7.576852392,3.145452095,1.648169307,0.38,0.52,0.82,1.0475,1.335,1.81,2.84,4.2425,4.9,0.0026569578
F5BD6EA8EF786A2E477852D6DC55F136,0,1.183490196,1.04,0.7328105888,0.5370113591,1.064068786,1.058428228,0.11,0.38,0.678,0.76,0.82,0.94,1.15,1.39,1.612,0.0007073461
D3C11DAA2421515ED142FAD7CEC8DD6A,0,3.416256109,3.41,0.9646179703,0.9304878287,0.2036644187,0.3362461516,1.96,2.19,2.55,2.69,2.81,3.12,3.69,4.09,4.22,0.0009310984
EE3F9297A4B88EE25E3C829BE303748A,0,3.586071076,3.47,0.8502864914,0.7229871175,0.6251461551,0.5701592904,2.36,2.57,2.88,3,3.09,3.28,3.702,4.12,4.28,0.0008207399
8E564A679BD291162E8F80D5D70827B5,0,2.271487685,2.2,1.183035516,1.399573031,0.6145834768,0.5799259294,0.43,0.77,1.29,1.44,1.55,1.806,2.49,3,3.222,0.0011419262
1D551A973B2EFC2F3EE4C3A635ECEF83,0,0.7426320939,0.7,0.1367247342,0.018693653,14.84475383,3.261149632,0.64,0.65,0.66,0.67,0.67,0.69,0.72,0.75,0.78,0.0001319737
9A5CF730BE19CF8648899C17ACC7DE45,0,0.4488574219,0.47,0.2812073592,0.0790775789,-0.6284595537,0.4760640517,0.16,0.16,0.17,0.17,0.17,0.17,0.58,0.66,0.71,0.0002714357
49CBBF4540104D812622B87E84D0B70E,0,4.479398642,4.24,1.396031903,1.948905075,14.40327882,2.844335626,2.935,3.18,3.51,3.66,3.79,4,4.54,5.02,5.19,0.0013475211
9E9ECEA5AAC5FE0F4D4FFDC2FE3CB0F5,0,4.089317073,4.19,1.683849153,2.835347971,-0.0380545204,0.0426831477,1.144,1.424,2.818,3.14,3.362,3.78,4.53,5.14,5.404,0.001625337
709274C5B219FB87636DEF7ECC32ED37,0,0.7564970646,0.65,0.2910029593,0.0846827223,1.250134776,1.33246736,0.46,0.49,0.53,0.55,0.57,0.61,0.7,0.87,1.018,0.0002808909
CD46901143036CC2DF2B38B06504CAC5,0,4.076479146,4.23,1.544603672,2.385800504,-0.4012857371,-0.1023150181,1.53,1.84,2.54,2.99,3.29,3.8,4.63,5.17,5.39,0.0014909302
C72987DF8079384D4D0E3FAF299CB37D,0,2.138495146,1.98,0.8062947006,0.6501111443,2.228690496,1.301515466,1.149,1.32,1.58,1.6625,1.73,1.87,2.1,2.4075,2.54,0.0007782767
DF352F0A22FF6CA80F5586FEB55CA27D,0,0.5433496094,0.52,0.1386212335,0.0192158464,-0.6902515314,0.0459911156,0.34,0.37,0.43,0.44,0.46,0.48,0.56,0.67,0.7,0.0001338043
B101ED771DF7DF5C0020F675032411C3,0,2.362197483,2,1.714960028,2.941087899,15.44218737,3.375030748,0.8,0.992,1.324,1.46,1.57,1.79,2.262,2.67,2.92,0.0016553668
D91D96CA0B5C9991C94F3F256B07CEBF,0,4.127656863,3.85,1.827044112,3.338090186,6.707469022,1.54997837,2.11,2.27,2.5,2.6375,2.76,3.12,4.31,5.1925,5.584,0.0017635561
8DC2589C3722ED463D442FFE68DCF2CC,0,1.265457227,1.16,0.6640262929,0.4409309177,7.619033397,1.912323005,0.41,0.546,0.782,0.85,0.92,1.05,1.306,1.55,1.65,0.000640952
7C66AF4A132D989A0062DF0C1E4DBEE3,0,1.036494645,0.92,0.6904999889,0.4767902346,7.718437627,1.932468012,0.19,0.326,0.5,0.57,0.65,0.794,1.06,1.29,1.44,0.0006665058
FAEA21680A6B3E5F6CA45DD552BA13BB,0,0.6518084066,0.47,0.4994168365,0.2494171766,5.398127752,2.291536481,0.26,0.32,0.37,0.39,0.41,0.438,0.5,0.64,0.82,0.0004820626
75A19C0C1A64A2E67D4BDC269472330F,0,3.962212476,3.605,1.709426227,2.922138027,6.687234487,1.917074469,2.0325,2.305,2.67,2.82,2.97,3.3,3.95,4.65,5.01,0.0016500253
C7B9B26E0AF8A76009D9B326174C1C18,0,3.915150048,3.92,0.0555923157,0.0030905056,-0.382650737,-0.3924088323,3.81,3.84,3.87,3.88,3.89,3.908,3.94,3.96,3.96,5.37E-05
6B23933AC28C9F0B60447622197385E5,0,0.5803216374,0.29,0.7064868727,0.4991237013,21.40730981,3.179528872,0.06,0.07,0.09,0.1,0.11,0.19,0.47,0.84,1.03,0.0006819371
83A96F1B4D599BA57EB7FA280D1CDFC2,0,4.03327821,3.895,0.9609443649,0.9234140725,1.385729293,0.7508919184,2.64,2.917,3.24,3.35,3.48,3.7,4.14,4.64,4.8,0.0009275525
3504833A06D4D7808A66940C1BB4BECE,0,1.977265625,1.88,0.4909072971,0.2409899743,22.65427987,2.92694087,1.36,1.49,1.71,1.76,1.8,1.842,1.95,2.14,2.224,0.0004738487
0E1DEE5AB374CDAD8980EC889BAA2AA4,0,5.431564626,5.39,1.782959269,3.178943756,0.3930949307,0.2094240072,2.624,3.21,3.966,4.21,4.524,4.96,5.808,6.6,6.88,0.0017210032
E8844054A4615E2244A4C94F076F0BE2,0,0.159872549,0.13,0.2393864488,0.0573058719,346.0238284,17.51992176,0.09,0.1,0.11,0.11,0.11,0.12,0.14,0.16,0.17,0.000231068
037777C8A6ED02A7D3684FBFB0B5610F,0,2.810848126,2.63,1.384190909,1.915984472,9.747787777,1.500894389,0.65,1.133,1.72,1.93,2.09,2.35,3.02,3.67,3.92,0.0013360916
7F0B9338D50C6912AD8F3D43A02E7370,0,4.741539216,4.615,1.483064714,2.199480945,0.3256146862,0.5805255351,2.559,2.939,3.508,3.7075,3.91,4.23,4.92,5.61,5.932,0.0014315296
9294C337F8484A3AE9B590F7EA971F03,0,2.133546512,0.49,2.892711068,8.367777323,0.0440245106,1.307013523,0.43,0.43,0.44,0.45,0.45,0.46,0.5,5.205,6.004,0.0027921922
3705AB0B1F98D45165AB9006F312D2EB,0,4.495576355,4.4,1.176104474,1.383221734,0.7246982721,0.6057508016,2.68,3.048,3.52,3.68,3.82,4.11,4.69,5.21,5.43,0.001135236
F704C4A356D01B34E6AA8BD6FACEDCAC,0,1.606702231,1.28,1.015548055,1.031337852,9.588021574,2.551599037,0.67,0.76,0.9,0.96,1.04,1.15,1.5,2.005,2.16,0.0009802587
E8F9050C987F7DC63F5C128C0E244BE0,0,0.9728225024,0.84,0.5861840449,0.3436117345,20.19559465,3.513066559,0.34,0.55,0.66,0.7,0.72,0.78,0.92,1.075,1.15,0.0005658147
66093A3EC5675EFD071CDC8B15AB8D58,0,2.09764878,1.82,1.296466816,1.680826205,1.051540725,1.007491848,0.49,0.674,0.99,1.1,1.24,1.51,2.12,2.86,3.182,0.0012514158
1CA7ADAA2E117FAC613CAA880BF9511F,0,2.762664055,2.66,0.8460398833,0.7157834841,6.049354174,1.394583116,1.64,1.87,2.09,2.19,2.31,2.48,2.86,3.24,3.36,0.0008166408
A58E2AD78917223DD141861B41D61B98,0,1.732106299,1.715,0.449769829,0.202292899,-0.7337055564,0.0748220767,1,1.1,1.29,1.38,1.465,1.59,1.88,2.1,2.16,0.0004341408
5EAD7B1262864436FA508890B12BE96A,0,1.511636012,1.45,0.5473933431,0.299639472,1.103763534,0.7663780803,0.73,0.87,1.05,1.13,1.2,1.33,1.58,1.83,1.92,0.000528372
D5D24C97B5E5FA8BF8AF417E11F16EA9,0,1.22337904,1.12,0.6592756292,0.4346443552,-0.0500127631,0.6263518209,0.31,0.43,0.65,0.73,0.79,0.96,1.31,1.65,1.78,0.0006363664
3A6095BEC7667A0C5B818C670B7EB9C4,0,1.933067847,1.69,1.390260706,1.932824831,46.35464625,5.753997133,0.9,1.01,1.21,1.31,1.4,1.55,1.856,2.15,2.29,0.0013419505
3385FCF37627A03B8A621C68957B257A,0,1.015488648,0.59,1.308051036,1.710997513,19.31695584,3.822617411,0.28,0.3,0.36,0.4,0.44,0.51,0.66,0.82,1.202,0.0012625975
0A3B8FAD53713E165C4DFAB822F744C3,0,1.957298625,1.87,0.7360067061,0.5417058714,1.594702007,0.7493848972,0.94,1.12,1.36,1.47,1.55,1.71,2.06,2.36,2.5,0.0007104312
4002CBAECC94EE10291CBFC42A950811,0,3.923450635,3.67,1.22755047,1.506880156,1.820068998,1.22485333,2.41,2.69,2.994,3.125,3.22,3.43,3.94,4.39,4.58,0.0011848943
59AA295020BDAE7486CAD3E28FB8EE1E,0,0.6548249027,0.66,0.2072908396,0.0429694922,0.3817404497,0.2125958581,0.34,0.37,0.44,0.48,0.53,0.59,0.74,0.84,0.86,0.0002000877
A26A391D56517E577E2622A29E7C8CA5,0,1.144163424,0.99,0.7298614536,0.5326977415,2.646365701,1.483599383,0.22,0.44,0.62,0.69,0.76,0.88,1.14,1.39,1.522,0.0007044995
8CF4357DA7CA19632BB30AA00898E1C9,0,3.406184466,3.12,1.091729891,1.191874154,29.51274179,4.421836733,2.56,2.68,2.82,2.87,2.917,3.01,3.24,3.5675,3.74,0.0010537933
413C8CB53B2139DEC3F708E30F68C511,0,4.01755814,3.73,1.489399871,2.218311975,13.94252028,2.76231345,2.4055,2.702,3.082,3.23,3.313,3.52,3.96,4.435,4.69,0.0014376447
DFBD44E7DB7ED8AC9FAA608F8A2DC2E6,0,4.453992134,4.37,1.515743818,2.297479323,7.57558439,1.100854105,2.544,3.196,3.59,3.75,3.87,4.144,4.626,5.06,5.238,0.0014630732
6D86DDF2FCCE18BF5B16F2E3A3B60226,0,1.809960707,1.565,1.318385308,1.738139821,3.401848834,1.486420075,0.25,0.4,0.75,0.89,1.03,1.288,1.832,2.41,2.652,0.0012725727
8E97B6F2DDDD34ACD49620A883B7B0EB,0,1.250765456,1.27,0.6173803925,0.3811585491,7.743072825,1.242193199,0.43,0.53,0.66,0.73,0.8,1.022,1.43,1.64,1.714,0.000595927
E2AD2EBDB8150C0952F50122BA11BAF1,0,2.986076321,2.83,1.097750066,1.205055207,1.686589267,0.9980787472,1.52,1.77,2.1,2.2225,2.38,2.58,3.07,3.54,3.7,0.0010596043
9A8B6A5BDF99329574D15D03C933EA15,0,1.272976654,1.38,0.7158219491,0.5124010627,-1.122432364,0.0862350039,0.26,0.337,0.484,0.56,0.66,1.008,1.6,1.83,1.93,0.0006909478
4FFBF74FA005DD6BD360BB3914A19B57,0,2.721173618,2.44,1.313204662,1.724506485,7.941973474,2.197357311,1.25,1.57,1.86,1.985,2.1,2.27,2.66,3.14,3.35,0.0012675721
1AA9BA77277910C9EA72DFD488CFD00D,0,4.66688716,2.785,3.225683482,10.40503392,-1.189416553,0.4937517178,1.32,1.49,1.72,1.82,1.91,2.21,6.21,7.7025,8.172,0.0031135941
895080346C710E28F319B601C4D32A27,0,3.960897561,3.82,0.6288722035,0.3954802483,2.202180745,1.23538155,3.22,3.33,3.46,3.51,3.58,3.68,3.95,4.28,4.45,0.0006070195
1129D4926184E570DA3E91D0B9BC6B87,0,2.683158934,2.61,0.9179160382,0.8425698532,1.827335441,0.2078018034,1.162,1.754,2.13,2.23,2.31,2.46,2.79,3.09,3.286,0.0008860193
78D0ADDFDA45058F16173C092FEAC51E,0,3.814011742,3.5,0.9409589123,0.8854036747,0.5814740522,1.117724905,2.68,2.84,3.11,3.18,3.26,3.39,3.69,4.11,4.652,0.0009082615
DCE646E046BC44652E7A55CEACD2AACC,0,2.022405432,0.06,3.148678415,9.914175762,1.099013187,1.458709697,0.02,0.02,0.03,0.04,0.05,0.05,0.13,3.94,4.73,0.0030392649
547DC45410AAC93310C4DF5BD457EBF5,0,1.27217561,1.22,0.1421241218,0.020199266,1.524804478,1.236278448,1.17,1.17,1.19,1.19,1.2,1.21,1.23,1.26,1.352,0.0001371854
AD5979AF8F51F35C53AB02E476529AAF,0,2.995219941,3.09,0.6932153208,0.4805474809,0.550070276,-0.1440297041,1.721,2.044,2.44,2.57,2.68,2.88,3.26,3.45,3.52,0.0006691268
CA7BB18FCA3977462061AE789E15E1FA,0,3.661398058,3.585,1.417315036,2.008781911,-0.0554321579,0.3271769391,1.3545,1.899,2.428,2.65,2.867,3.22,3.954,4.62,4.85,0.0013680647
C72E7891A08FEB47A78F0BB3A9F9D3B0,0,3.224833333,3.355,2.4207015,5.859795752,-0.5151862244,0.4477440345,0.25,0.32,0.57,0.74,1.017,2.138,4.03,4.9825,5.3,0.0023365845
DataImp_Con1,1,3.818836081,3.71,1.127880908,1.272115343,0.4773324274,0.649696804,2.27,2.49,2.87,2.99,3.13,3.4,4.01,4.48,4.68,0.0010886881
DataImp_Con2,1,3.321739553,3.36,1.26873485,1.609688119,1.164592888,0.6133395844,1.57,1.788,2.11,2.25,2.39,2.792,3.77,4.24,4.41,0.0012246475
DataImp_Con3,1,1.435686275,1.31,0.8343690768,0.6961717562,10.29356438,2.524796202,0.68,0.73,0.82,0.86,0.9,1.106,1.36,1.63,1.712,0.0008053756
DataImp_Con4,1,3.262819767,2.03,2.37296916,5.630982633,-0.561642245,0.7235192333,0.7855,0.96,1.16,1.25,1.37,1.604,3.964,5.2425,5.608,0.0022905108
DataImp_Con5,1,2.4794655,2.03,1.800767024,3.242761874,4.318326933,1.769350685,0.76,0.878,1.03,1.1,1.17,1.48,2.46,3.27,3.67,0.0017381921
DataImp_Con6,1,2.63792695,2.29,1.380227056,1.905026726,7.703043526,2.337290296,1.244,1.55,1.774,1.88,1.96,2.14,2.49,2.87,3.096,0.0013322655
DataImp_Con7,1,1.8998931,1.8,0.5954566049,0.3545685683,15.94644641,2.440607829,1.21,1.3,1.45,1.5,1.56,1.68,1.928,2.18,2.31,0.0005747651
DataImp_Con8,1,3.212580331,1.65,3.14876003,9.914689729,0.3811753646,1.242848021,0.55,0.65,0.81,0.9,0.99,1.29,2.342,5.285,6.498,0.0030393437
DataImp_Con9,1,4.253571429,4.17,1.622332653,2.631963236,-0.2840755412,0.0085035275,1.2805,2.272,2.88,3.22,3.473,3.85,4.552,5.44,5.7,0.0015659582
DataImp_Con10,1,2.329960899,1.99,1.313258,1.724646574,5.450756345,2.021050044,0.981,1.12,1.37,1.465,1.58,1.79,2.23,2.76,3.006,0.0012676236
DataImp_Con11,1,4.064785992,4.01,1.764135525,3.112174151,0.7451028777,-0.3022149968,0.2,1.818,3.22,3.38,3.53,3.818,4.262,4.93,5.366,0.0017028335
DataImp_Con12,1,2.766640701,2.67,1.122654848,1.260353909,2.771067781,0.8822750696,0.993,1.48,1.942,2.12,2.25,2.48,2.916,3.32,3.53,0.0010836437
DataImp_Con13,1,2.303894839,2.28,0.9138656944,0.8351505074,0.8845317427,0.584681393,0.86,1.136,1.56,1.68,1.79,2.01,2.49,2.85,2.98,0.0008821097
DataImp_Con14,1,2.480078049,2.48,1.10739171,1.2263164,1.647174795,0.5781818682,0.884,1.14,1.418,1.56,1.74,2.096,2.764,3.27,3.43,0.0010689109
DataImp_Con15,1,3.075908203,2.54,1.869405569,3.49467718,4.515940026,1.733955708,1.1115,1.32,1.626,1.75,1.88,2.17,3.06,3.95,4.288,0.0018044455
DataImp_Con16,1,2.337059396,2.37,0.8267497361,0.6835151261,4.659704981,1.032773057,1.19,1.35,1.53,1.63,1.748,2.12,2.57,2.845,2.968,0.000798021
DataImp_Con17,1,3.661750246,3.62,2.085216167,4.348126461,2.074100909,1.052994603,0.86,1.236,1.672,1.98,2.32,3.004,4.09,4.71,4.99,0.0020127569
DataImp_Con18,1,3.789610895,3.77,1.084756128,1.176695856,0.2373309387,0.4109360428,2.1535,2.387,2.77,2.91,3.081,3.47,4.07,4.55,4.736,0.0010470619
DataImp_Con19,1,1.58700291,2.11,1.140646401,1.301074213,-1.727199297,-0.1159613632,0.125,0.19,0.3,0.35,0.42,0.57,2.35,2.61,2.68,0.00110101
DataImp_Con20,1,2.665933529,1.95,1.740794093,3.030364074,2.381846346,1.36879598,0.841,1.09,1.27,1.36,1.45,1.64,2.684,3.71,4.036,0.0016803032
DataImp_Con21,1,2.411978661,1.55,1.849105783,3.419192198,-0.4479031719,0.8420941532,0.57,0.67,0.81,0.87,0.95,1.16,2.35,4.005,4.37,0.0017848511
DataImp_Con22,1,2.938098522,2.65,1.447013394,2.093847761,-0.3401957087,0.6337476934,1.21,1.34,1.57,1.715,1.84,2.18,3.24,3.89,4.234,0.0013967311
DataImp_Con23,1,3.818836081,3.71,1.127880908,1.272115343,0.4773324274,0.649696804,2.27,2.49,2.87,2.99,3.13,3.4,4.01,4.48,4.68,0.0010886881
DataImp_Con24,1,3.321739553,3.36,1.26873485,1.609688119,1.164592888,0.6133395844,1.57,1.788,2.11,2.25,2.39,2.792,3.77,4.24,4.41,0.0012246475
DataImp_Con25,1,1.435686275,1.31,0.8343690768,0.6961717562,10.29356438,2.524796202,0.68,0.73,0.82,0.86,0.9,1.106,1.36,1.63,1.712,0.0008053756
DataImp_Con26,1,3.262819767,2.03,2.37296916,5.630982633,-0.561642245,0.7235192333,0.7855,0.96,1.16,1.25,1.37,1.604,3.964,5.2425,5.608,0.0022905108
DataImp_Con27,1,2.4794655,2.03,1.800767024,3.242761874,4.318326933,1.769350685,0.76,0.878,1.03,1.1,1.17,1.48,2.46,3.27,3.67,0.0017381921
DataImp_Con28,1,2.63792695,2.29,1.380227056,1.905026726,7.703043526,2.337290296,1.244,1.55,1.774,1.88,1.96,2.14,2.49,2.87,3.096,0.0013322655
DataImp_Con29,1,1.8998931,1.8,0.5954566049,0.3545685683,15.94644641,2.440607829,1.21,1.3,1.45,1.5,1.56,1.68,1.928,2.18,2.31,0.0005747651
DataImp_Con30,1,3.212580331,1.65,3.14876003,9.914689729,0.3811753646,1.242848021,0.55,0.65,0.81,0.9,0.99,1.29,2.342,5.285,6.498,0.0030393437
DataImp_Con31,1,4.253571429,4.17,1.622332653,2.631963236,-0.2840755412,0.0085035275,1.2805,2.272,2.88,3.22,3.473,3.85,4.552,5.44,5.7,0.0015659582
DataImp_Con32,1,2.329960899,1.99,1.313258,1.724646574,5.450756345,2.021050044,0.981,1.12,1.37,1.465,1.58,1.79,2.23,2.76,3.006,0.0012676236
DataImp_Con33,1,4.064785992,4.01,1.764135525,3.112174151,0.7451028777,-0.3022149968,0.2,1.818,3.22,3.38,3.53,3.818,4.262,4.93,5.366,0.0017028335
DataImp_Con34,1,2.766640701,2.67,1.122654848,1.260353909,2.771067781,0.8822750696,0.993,1.48,1.942,2.12,2.25,2.48,2.916,3.32,3.53,0.0010836437
DataImp_Con35,1,2.303894839,2.28,0.9138656944,0.8351505074,0.8845317427,0.584681393,0.86,1.136,1.56,1.68,1.79,2.01,2.49,2.85,2.98,0.0008821097
DataImp_Con36,1,2.480078049,2.48,1.10739171,1.2263164,1.647174795,0.5781818682,0.884,1.14,1.418,1.56,1.74,2.096,2.764,3.27,3.43,0.0010689109
DataImp_Con37,1,3.075908203,2.54,1.869405569,3.49467718,4.515940026,1.733955708,1.1115,1.32,1.626,1.75,1.88,2.17,3.06,3.95,4.288,0.0018044455
DataImp_Con38,1,2.337059396,2.37,0.8267497361,0.6835151261,4.659704981,1.032773057,1.19,1.35,1.53,1.63,1.748,2.12,2.57,2.845,2.968,0.000798021
DataImp_Con39,1,3.661750246,3.62,2.085216167,4.348126461,2.074100909,1.052994603,0.86,1.236,1.672,1.98,2.32,3.004,4.09,4.71,4.99,0.0020127569
DataImp_Con40,1,3.789610895,3.77,1.084756128,1.176695856,0.2373309387,0.4109360428,2.1535,2.387,2.77,2.91,3.081,3.47,4.07,4.55,4.736,0.0010470619
DataImp_Con41,1,1.58700291,2.11,1.140646401,1.301074213,-1.727199297,-0.1159613632,0.125,0.19,0.3,0.35,0.42,0.57,2.35,2.61,2.68,0.00110101
DataImp_Con42,1,2.665933529,1.95,1.740794093,3.030364074,2.381846346,1.36879598,0.841,1.09,1.27,1.36,1.45,1.64,2.684,3.71,4.036,0.0016803032
DataImp_Con43,1,2.411978661,1.55,1.849105783,3.419192198,-0.4479031719,0.8420941532,0.57,0.67,0.81,0.87,0.95,1.16,2.35,4.005,4.37,0.0017848511
DataImp_Con44,1,2.938098522,2.65,1.447013394,2.093847761,-0.3401957087,0.6337476934,1.21,1.34,1.57,1.715,1.84,2.18,3.24,3.89,4.234,0.0013967311
DataImp_Con45,1,3.818836081,3.71,1.127880908,1.272115343,0.4773324274,0.649696804,2.27,2.49,2.87,2.99,3.13,3.4,4.01,4.48,4.68,0.0010886881
DataImp_Con46,1,3.321739553,3.36,1.26873485,1.609688119,1.164592888,0.6133395844,1.57,1.788,2.11,2.25,2.39,2.792,3.77,4.24,4.41,0.0012246475
DataImp_Con47,1,1.435686275,1.31,0.8343690768,0.6961717562,10.29356438,2.524796202,0.68,0.73,0.82,0.86,0.9,1.106,1.36,1.63,1.712,0.0008053756
DataImp_Con48,1,3.262819767,2.03,2.37296916,5.630982633,-0.561642245,0.7235192333,0.7855,0.96,1.16,1.25,1.37,1.604,3.964,5.2425,5.608,0.0022905108
DataImp_Con49,1,2.4794655,2.03,1.800767024,3.242761874,4.318326933,1.769350685,0.76,0.878,1.03,1.1,1.17,1.48,2.46,3.27,3.67,0.0017381921
DataImp_Con50,1,2.63792695,2.29,1.380227056,1.905026726,7.703043526,2.337290296,1.244,1.55,1.774,1.88,1.96,2.14,2.49,2.87,3.096,0.0013322655
DataImp_Con51,1,1.8998931,1.8,0.5954566049,0.3545685683,15.94644641,2.440607829,1.21,1.3,1.45,1.5,1.56,1.68,1.928,2.18,2.31,0.0005747651
DataImp_Con52,1,3.212580331,1.65,3.14876003,9.914689729,0.3811753646,1.242848021,0.55,0.65,0.81,0.9,0.99,1.29,2.342,5.285,6.498,0.0030393437
DataImp_Con53,1,4.253571429,4.17,1.622332653,2.631963236,-0.2840755412,0.0085035275,1.2805,2.272,2.88,3.22,3.473,3.85,4.552,5.44,5.7,0.0015659582
DataImp_Con54,1,2.329960899,1.99,1.313258,1.724646574,5.450756345,2.021050044,0.981,1.12,1.37,1.465,1.58,1.79,2.23,2.76,3.006,0.0012676236
DataImp_Con55,1,4.064785992,4.01,1.764135525,3.112174151,0.7451028777,-0.3022149968,0.2,1.818,3.22,3.38,3.53,3.818,4.262,4.93,5.366,0.0017028335
DataImp_Con56,1,2.766640701,2.67,1.122654848,1.260353909,2.771067781,0.8822750696,0.993,1.48,1.942,2.12,2.25,2.48,2.916,3.32,3.53,0.0010836437
DataImp_Con57,1,2.303894839,2.28,0.9138656944,0.8351505074,0.8845317427,0.584681393,0.86,1.136,1.56,1.68,1.79,2.01,2.49,2.85,2.98,0.0008821097
DataImp_Con58,1,2.480078049,2.48,1.10739171,1.2263164,1.647174795,0.5781818682,0.884,1.14,1.418,1.56,1.74,2.096,2.764,3.27,3.43,0.0010689109
DataImp_Con59,1,3.075908203,2.54,1.869405569,3.49467718,4.515940026,1.733955708,1.1115,1.32,1.626,1.75,1.88,2.17,3.06,3.95,4.288,0.0018044455
DataImp_Con60,1,2.337059396,2.37,0.8267497361,0.6835151261,4.659704981,1.032773057,1.19,1.35,1.53,1.63,1.748,2.12,2.57,2.845,2.968,0.000798021
DataImp_Con61,1,3.661750246,3.62,2.085216167,4.348126461,2.074100909,1.052994603,0.86,1.236,1.672,1.98,2.32,3.004,4.09,4.71,4.99,0.0020127569
DataImp_Con62,1,3.789610895,3.77,1.084756128,1.176695856,0.2373309387,0.4109360428,2.1535,2.387,2.77,2.91,3.081,3.47,4.07,4.55,4.736,0.0010470619
DataImp_Con63,1,1.58700291,2.11,1.140646401,1.301074213,-1.727199297,-0.1159613632,0.125,0.19,0.3,0.35,0.42,0.57,2.35,2.61,2.68,0.00110101
DataImp_Con64,1,2.665933529,1.95,1.740794093,3.030364074,2.381846346,1.36879598,0.841,1.09,1.27,1.36,1.45,1.64,2.684,3.71,4.036,0.0016803032
DataImp_Con65,1,2.411978661,1.55,1.849105783,3.419192198,-0.4479031719,0.8420941532,0.57,0.67,0.81,0.87,0.95,1.16,2.35,4.005,4.37,0.0017848511
DataImp_Con66,1,2.938098522,2.65,1.447013394,2.093847761,-0.3401957087,0.6337476934,1.21,1.34,1.57,1.715,1.84,2.18,3.24,3.89,4.234,0.0013967311
DataImp_Con67,1,3.818836081,3.71,1.127880908,1.272115343,0.4773324274,0.649696804,2.27,2.49,2.87,2.99,3.13,3.4,4.01,4.48,4.68,0.0010886881
DataImp_Con68,1,3.321739553,3.36,1.26873485,1.609688119,1.164592888,0.6133395844,1.57,1.788,2.11,2.25,2.39,2.792,3.77,4.24,4.41,0.0012246475
DataImp_Con69,1,1.435686275,1.31,0.8343690768,0.6961717562,10.29356438,2.524796202,0.68,0.73,0.82,0.86,0.9,1.106,1.36,1.63,1.712,0.0008053756
DataImp_Con70,1,3.262819767,2.03,2.37296916,5.630982633,-0.561642245,0.7235192333,0.7855,0.96,1.16,1.25,1.37,1.604,3.964,5.2425,5.608,0.0022905108
DataImp_Con71,1,2.4794655,2.03,1.800767024,3.242761874,4.318326933,1.769350685,0.76,0.878,1.03,1.1,1.17,1.48,2.46,3.27,3.67,0.0017381921
DataImp_Con72,1,2.63792695,2.29,1.380227056,1.905026726,7.703043526,2.337290296,1.244,1.55,1.774,1.88,1.96,2.14,2.49,2.87,3.096,0.0013322655
DataImp_Con73,1,1.8998931,1.8,0.5954566049,0.3545685683,15.94644641,2.440607829,1.21,1.3,1.45,1.5,1.56,1.68,1.928,2.18,2.31,0.0005747651
DataImp_Con74,1,3.212580331,1.65,3.14876003,9.914689729,0.3811753646,1.242848021,0.55,0.65,0.81,0.9,0.99,1.29,2.342,5.285,6.498,0.0030393437
DataImp_Con75,1,4.253571429,4.17,1.622332653,2.631963236,-0.2840755412,0.0085035275,1.2805,2.272,2.88,3.22,3.473,3.85,4.552,5.44,5.7,0.0015659582
DataImp_Con76,1,2.329960899,1.99,1.313258,1.724646574,5.450756345,2.021050044,0.981,1.12,1.37,1.465,1.58,1.79,2.23,2.76,3.006,0.0012676236
DataImp_Con77,1,4.064785992,4.01,1.764135525,3.112174151,0.7451028777,-0.3022149968,0.2,1.818,3.22,3.38,3.53,3.818,4.262,4.93,5.366,0.0017028335
DataImp_Con78,1,2.766640701,2.67,1.122654848,1.260353909,2.771067781,0.8822750696,0.993,1.48,1.942,2.12,2.25,2.48,2.916,3.32,3.53,0.0010836437
DataImp_Con79,1,2.303894839,2.28,0.9138656944,0.8351505074,0.8845317427,0.584681393,0.86,1.136,1.56,1.68,1.79,2.01,2.49,2.85,2.98,0.0008821097
DataImp_Con80,1,2.480078049,2.48,1.10739171,1.2263164,1.647174795,0.5781818682,0.884,1.14,1.418,1.56,1.74,2.096,2.764,3.27,3.43,0.0010689109
DataImp_Con81,1,3.075908203,2.54,1.869405569,3.49467718,4.515940026,1.733955708,1.1115,1.32,1.626,1.75,1.88,2.17,3.06,3.95,4.288,0.0018044455
DataImp_Con82,1,2.337059396,2.37,0.8267497361,0.6835151261,4.659704981,1.032773057,1.19,1.35,1.53,1.63,1.748,2.12,2.57,2.845,2.968,0.000798021
DataImp_Con83,1,3.661750246,3.62,2.085216167,4.348126461,2.074100909,1.052994603,0.86,1.236,1.672,1.98,2.32,3.004,4.09,4.71,4.99,0.0020127569
DataImp_Con84,1,3.789610895,3.77,1.084756128,1.176695856,0.2373309387,0.4109360428,2.1535,2.387,2.77,2.91,3.081,3.47,4.07,4.55,4.736,0.0010470619
DataImp_Con85,1,1.58700291,2.11,1.140646401,1.301074213,-1.727199297,-0.1159613632,0.125,0.19,0.3,0.35,0.42,0.57,2.35,2.61,2.68,0.00110101
DataImp_Con86,1,2.665933529,1.95,1.740794093,3.030364074,2.381846346,1.36879598,0.841,1.09,1.27,1.36,1.45,1.64,2.684,3.71,4.036,0.0016803032
DataImp_Con87,1,2.411978661,1.55,1.849105783,3.419192198,-0.4479031719,0.8420941532,0.57,0.67,0.81,0.87,0.95,1.16,2.35,4.005,4.37,0.0017848511
DataImp_Con88,1,2.938098522,2.65,1.447013394,2.093847761,-0.3401957087,0.6337476934,1.21,1.34,1.57,1.715,1.84,2.18,3.24,3.89,4.234,0.0013967311
DataImp_Con89,1,3.818836081,3.71,1.127880908,1.272115343,0.4773324274,0.649696804,2.27,2.49,2.87,2.99,3.13,3.4,4.01,4.48,4.68,0.0010886881
DataImp_Con90,1,3.321739553,3.36,1.26873485,1.609688119,1.164592888,0.6133395844,1.57,1.788,2.11,2.25,2.39,2.792,3.77,4.24,4.41,0.0012246475
DataImp_Con91,1,1.435686275,1.31,0.8343690768,0.6961717562,10.29356438,2.524796202,0.68,0.73,0.82,0.86,0.9,1.106,1.36,1.63,1.712,0.0008053756
DataImp_Con92,1,3.262819767,2.03,2.37296916,5.630982633,-0.561642245,0.7235192333,0.7855,0.96,1.16,1.25,1.37,1.604,3.964,5.2425,5.608,0.0022905108
DataImp_Con93,1,2.4794655,2.03,1.800767024,3.242761874,4.318326933,1.769350685,0.76,0.878,1.03,1.1,1.17,1.48,2.46,3.27,3.67,0.0017381921
DataImp_Con94,1,2.63792695,2.29,1.380227056,1.905026726,7.703043526,2.337290296,1.244,1.55,1.774,1.88,1.96,2.14,2.49,2.87,3.096,0.0013322655
DataImp_Con95,1,1.8998931,1.8,0.5954566049,0.3545685683,15.94644641,2.440607829,1.21,1.3,1.45,1.5,1.56,1.68,1.928,2.18,2.31,0.0005747651
DataImp_Con96,1,3.212580331,1.65,3.14876003,9.914689729,0.3811753646,1.242848021,0.55,0.65,0.81,0.9,0.99,1.29,2.342,5.285,6.498,0.0030393437
DataImp_Con97,1,4.253571429,4.17,1.622332653,2.631963236,-0.2840755412,0.0085035275,1.2805,2.272,2.88,3.22,3.473,3.85,4.552,5.44,5.7,0.0015659582
DataImp_Con98,1,2.329960899,1.99,1.313258,1.724646574,5.450756345,2.021050044,0.981,1.12,1.37,1.465,1.58,1.79,2.23,2.76,3.006,0.0012676236
DataImp_Con99,1,4.064785992,4.01,1.764135525,3.112174151,0.7451028777,-0.3022149968,0.2,1.818,3.22,3.38,3.53,3.818,4.262,4.93,5.366,0.0017028335
DataImp_Con100,1,2.766640701,2.67,1.122654848,1.260353909,2.771067781,0.8822750696,0.993,1.48,1.942,2.12,2.25,2.48,2.916,3.32,3.53,0.0010836437
DataImp_Con101,1,2.303894839,2.28,0.9138656944,0.8351505074,0.8845317427,0.584681393,0.86,1.136,1.56,1.68,1.79,2.01,2.49,2.85,2.98,0.0008821097
DataImp_Con102,1,2.480078049,2.48,1.10739171,1.2263164,1.647174795,0.5781818682,0.884,1.14,1.418,1.56,1.74,2.096,2.764,3.27,3.43,0.0010689109
DataImp_Con103,1,3.075908203,2.54,1.869405569,3.49467718,4.515940026,1.733955708,1.1115,1.32,1.626,1.75,1.88,2.17,3.06,3.95,4.288,0.0018044455
DataImp_Con104,1,2.337059396,2.37,0.8267497361,0.6835151261,4.659704981,1.032773057,1.19,1.35,1.53,1.63,1.748,2.12,2.57,2.845,2.968,0.000798021
DataImp_Con105,1,3.661750246,3.62,2.085216167,4.348126461,2.074100909,1.052994603,0.86,1.236,1.672,1.98,2.32,3.004,4.09,4.71,4.99,0.0020127569
DataImp_Con106,1,3.789610895,3.77,1.084756128,1.176695856,0.2373309387,0.4109360428,2.1535,2.387,2.77,2.91,3.081,3.47,4.07,4.55,4.736,0.0010470619
DataImp_Con107,1,1.58700291,2.11,1.140646401,1.301074213,-1.727199297,-0.1159613632,0.125,0.19,0.3,0.35,0.42,0.57,2.35,2.61,2.68,0.00110101
DataImp_Con108,1,2.665933529,1.95,1.740794093,3.030364074,2.381846346,1.36879598,0.841,1.09,1.27,1.36,1.45,1.64,2.684,3.71,4.036,0.0016803032
DataImp_Con109,1,2.411978661,1.55,1.849105783,3.419192198,-0.4479031719,0.8420941532,0.57,0.67,0.81,0.87,0.95,1.16,2.35,4.005,4.37,0.0017848511
DataImp_Con110,1,2.938098522,2.65,1.447013394,2.093847761,-0.3401957087,0.6337476934,1.21,1.34,1.57,1.715,1.84,2.18,3.24,3.89,4.234,0.0013967311
DataImp_Con111,1,3.818836081,3.71,1.127880908,1.272115343,0.4773324274,0.649696804,2.27,2.49,2.87,2.99,3.13,3.4,4.01,4.48,4.68,0.0010886881
DataImp_Con112,1,3.321739553,3.36,1.26873485,1.609688119,1.164592888,0.6133395844,1.57,1.788,2.11,2.25,2.39,2.792,3.77,4.24,4.41,0.0012246475
DataImp_Con113,1,1.435686275,1.31,0.8343690768,0.6961717562,10.29356438,2.524796202,0.68,0.73,0.82,0.86,0.9,1.106,1.36,1.63,1.712,0.0008053756
DataImp_Con114,1,3.262819767,2.03,2.37296916,5.630982633,-0.561642245,0.7235192333,0.7855,0.96,1.16,1.25,1.37,1.604,3.964,5.2425,5.608,0.0022905108
DataImp_Con115,1,2.4794655,2.03,1.800767024,3.242761874,4.318326933,1.769350685,0.76,0.878,1.03,1.1,1.17,1.48,2.46,3.27,3.67,0.0017381921
DataImp_Con116,1,2.63792695,2.29,1.380227056,1.905026726,7.703043526,2.337290296,1.244,1.55,1.774,1.88,1.96,2.14,2.49,2.87,3.096,0.0013322655
DataImp_Con117,1,1.8998931,1.8,0.5954566049,0.3545685683,15.94644641,2.440607829,1.21,1.3,1.45,1.5,1.56,1.68,1.928,2.18,2.31,0.0005747651
DataImp_Con118,1,3.212580331,1.65,3.14876003,9.914689729,0.3811753646,1.242848021,0.55,0.65,0.81,0.9,0.99,1.29,2.342,5.285,6.498,0.0030393437
DataImp_Con119,1,4.253571429,4.17,1.622332653,2.631963236,-0.2840755412,0.0085035275,1.2805,2.272,2.88,3.22,3.473,3.85,4.552,5.44,5.7,0.0015659582
DataImp_Con120,1,2.329960899,1.99,1.313258,1.724646574,5.450756345,2.021050044,0.981,1.12,1.37,1.465,1.58,1.79,2.23,2.76,3.006,0.0012676236
DataImp_Con121,1,4.064785992,4.01,1.764135525,3.112174151,0.7451028777,-0.3022149968,0.2,1.818,3.22,3.38,3.53,3.818,4.262,4.93,5.366,0.0017028335
DataImp_Con122,1,2.766640701,2.67,1.122654848,1.260353909,2.771067781,0.8822750696,0.993,1.48,1.942,2.12,2.25,2.48,2.916,3.32,3.53,0.0010836437
DataImp_Con123,1,2.303894839,2.28,0.9138656944,0.8351505074,0.8845317427,0.584681393,0.86,1.136,1.56,1.68,1.79,2.01,2.49,2.85,2.98,0.0008821097
DataImp_Con124,1,2.480078049,2.48,1.10739171,1.2263164,1.647174795,0.5781818682,0.884,1.14,1.418,1.56,1.74,2.096,2.764,3.27,3.43,0.0010689109
DataImp_Con125,1,3.075908203,2.54,1.869405569,3.49467718,4.515940026,1.733955708,1.1115,1.32,1.626,1.75,1.88,2.17,3.06,3.95,4.288,0.0018044455
DataImp_Con126,1,2.337059396,2.37,0.8267497361,0.6835151261,4.659704981,1.032773057,1.19,1.35,1.53,1.63,1.748,2.12,2.57,2.845,2.968,0.000798021
DataImp_Con127,1,3.661750246,3.62,2.085216167,4.348126461,2.074100909,1.052994603,0.86,1.236,1.672,1.98,2.32,3.004,4.09,4.71,4.99,0.0020127569
DataImp_Con128,1,3.789610895,3.77,1.084756128,1.176695856,0.2373309387,0.4109360428,2.1535,2.387,2.77,2.91,3.081,3.47,4.07,4.55,4.736,0.0010470619
DataImp_Con129,1,1.58700291,2.11,1.140646401,1.301074213,-1.727199297,-0.1159613632,0.125,0.19,0.3,0.35,0.42,0.57,2.35,2.61,2.68,0.00110101
DataImp_Con130,1,2.665933529,1.95,1.740794093,3.030364074,2.381846346,1.36879598,0.841,1.09,1.27,1.36,1.45,1.64,2.684,3.71,4.036,0.0016803032
DataImp_Con131,1,2.411978661,1.55,1.849105783,3.419192198,-0.4479031719,0.8420941532,0.57,0.67,0.81,0.87,0.95,1.16,2.35,4.005,4.37,0.0017848511
DataImp_Con132,1,2.938098522,2.65,1.447013394,2.093847761,-0.3401957087,0.6337476934,1.21,1.34,1.57,1.715,1.84,2.18,3.24,3.89,4.234,0.0013967311
